loc,wmc,assignmentsQty,mathOperationsQty,qtyTryCatch,qtyReturn,fanin,fanout,age,nAuth,nr,nSmell,buggy
3,1,0,0,0,1,0,0,132,0,0,0,FALSO
10,2,1,0,0,0,2,1,56,1,2,0,FALSO
4,1,0,0,0,1,0,0,196,1,2,0,FALSO
7,2,1,2,0,0,0,0,125,1,2,0,FALSO
17,5,2,0,0,4,0,2,84,1,1,1,FALSO
4,1,0,0,0,1,0,0,225,2,3,0,FALSO
8,1,5,0,0,0,1,0,196,3,10,0,FALSO
3,1,0,0,0,1,0,0,196,1,2,0,FALSO
3,1,0,0,0,1,0,0,204,2,2,0,FALSO
3,1,0,0,0,0,0,0,84,1,1,0,FALSO
10,2,3,0,0,0,0,1,196,0,0,1,FALSO
3,1,0,0,0,1,0,0,225,2,2,0,FALSO
3,1,0,0,0,1,1,0,196,1,2,0,FALSO
24,5,3,0,0,2,1,1,229,1,1,1,FALSO
1,1,0,0,0,0,0,0,196,1,1,0,FALSO
20,5,6,0,0,1,0,1,196,1,4,0,FALSO
6,1,0,0,0,1,2,1,96,3,6,0,FALSO
3,1,0,0,0,1,0,1,56,1,2,0,FALSO
3,1,0,0,0,1,1,0,225,2,3,0,FALSO
3,1,0,1,0,1,0,2,225,2,3,1,FALSO
3,1,0,0,0,0,0,0,125,1,2,0,FALSO
4,1,0,0,0,0,0,0,229,1,1,0,FALSO
7,2,1,1,0,1,0,0,84,1,1,0,FALSO
3,1,0,0,0,1,8,0,229,1,1,0,FALSO
3,1,0,0,0,0,0,0,196,1,2,0,FALSO
5,1,0,0,0,1,0,0,196,1,2,0,FALSO
3,2,0,0,0,1,10,0,196,0,0,0,FALSO
3,1,0,0,0,0,0,0,56,2,3,0,FALSO
17,2,5,0,0,1,0,5,196,3,10,0,FALSO
4,1,0,0,0,1,0,1,225,2,2,0,FALSO
4,1,1,0,0,1,0,0,196,1,1,0,FALSO
5,1,0,0,0,0,0,2,196,3,10,0,FALSO
22,5,4,0,1,5,0,0,196,3,10,4,FALSO
3,1,0,0,0,1,0,1,229,1,1,2,FALSO
10,5,0,0,0,2,0,0,196,1,4,0,FALSO
9,1,2,0,0,0,0,0,268,2,4,0,FALSO
64,9,6,1,1,4,1,5,229,1,1,0,FALSO
6,2,0,0,0,1,5,0,196,3,10,1,FALSO
4,1,1,0,0,0,0,2,229,1,1,0,FALSO
3,1,0,0,0,1,1,0,132,0,0,0,FALSO
3,1,0,1,0,1,0,0,225,2,3,0,FALSO
3,1,0,0,0,1,0,0,196,0,0,0,FALSO
3,1,0,0,0,1,0,0,196,3,6,0,FALSO
9,3,1,1,0,1,2,0,196,1,4,2,FALSO
2,1,0,0,0,0,0,0,196,3,10,0,FALSO
5,1,1,0,0,1,1,1,196,3,10,1,FALSO
3,1,0,0,0,1,2,0,225,2,3,0,FALSO
47,12,2,1,0,4,0,3,196,3,10,2,FALSO
3,1,0,0,0,1,0,1,196,1,1,2,FALSO
14,4,3,0,0,0,8,0,196,3,10,0,FALSO
10,3,3,0,0,1,1,1,268,2,4,0,FALSO
3,1,0,0,0,1,0,0,56,2,3,0,FALSO
7,2,3,0,0,0,0,44,225,2,2,0,FALSO
6,2,0,0,0,1,0,1,56,2,3,0,FALSO
6,2,0,0,0,2,2,0,196,1,2,0,FALSO
4,1,0,0,0,1,0,1,196,1,4,0,FALSO
3,1,0,0,0,1,3,0,229,1,1,0,FALSO
3,1,0,0,0,1,0,0,229,1,1,0,FALSO
3,1,0,0,0,1,0,0,196,3,10,0,FALSO
25,7,8,2,0,3,1,3,229,1,1,1,FALSO
3,1,0,0,0,1,0,0,225,2,3,0,FALSO
6,1,2,0,0,1,1,1,196,0,0,0,FALSO
13,2,5,0,0,2,0,0,225,2,2,4,FALSO
4,1,2,0,0,0,1,0,196,1,1,0,FALSO
3,1,0,0,0,1,1,0,196,1,4,0,FALSO
3,1,0,0,0,0,0,1,96,3,6,0,FALSO
6,4,0,2,0,0,2,1,229,1,1,0,FALSO
22,4,7,1,0,0,0,4,196,3,6,5,FALSO
4,1,1,0,0,0,1,0,56,1,2,0,FALSO
7,1,4,0,0,0,0,0,268,2,4,0,FALSO
3,1,0,0,0,1,0,0,196,1,1,0,FALSO
5,2,0,0,0,0,4,0,96,3,6,1,FALSO
9,2,1,0,1,1,1,0,196,1,1,1,FALSO
10,4,1,0,0,2,2,0,268,2,4,0,FALSO
4,1,1,0,0,0,1,1,268,2,4,0,FALSO
19,3,6,0,1,1,1,3,0,1,2,0,FALSO
3,1,0,1,0,1,0,0,196,1,2,0,FALSO
3,1,0,0,0,0,0,0,196,3,10,0,FALSO
6,1,4,0,0,0,0,0,268,2,4,0,FALSO
3,1,0,0,0,1,2,0,196,1,2,0,FALSO
3,1,0,0,0,1,0,1,229,1,1,1,FALSO
3,1,0,0,0,1,0,1,0,2,3,0,FALSO
9,1,3,0,0,1,0,1,96,3,6,0,FALSO
3,1,1,0,0,0,1,0,196,3,10,0,FALSO
5,2,0,0,0,0,2,0,96,3,6,1,FALSO
24,3,4,1,0,0,1,2,196,3,10,2,FALSO
11,4,0,0,0,0,11,2,196,3,10,0,FALSO
26,6,7,2,0,0,0,2,196,0,0,0,FALSO
3,1,1,0,0,0,1,0,268,2,4,0,FALSO
8,2,4,0,0,1,9,1,196,1,2,0,FALSO
5,1,2,3,0,1,0,0,196,1,2,1,FALSO
48,9,20,0,0,1,1,8,196,3,10,2,FALSO
14,4,0,0,1,0,0,1,132,0,0,2,FALSO
6,2,1,0,0,0,4,1,196,3,10,0,FALSO
8,2,2,1,0,1,0,1,196,1,4,0,FALSO
5,2,0,0,0,0,3,0,96,3,6,1,FALSO
3,2,0,0,0,1,4,1,229,1,1,1,FALSO
24,5,5,1,2,2,0,0,268,2,4,1,FALSO
4,1,1,0,0,0,0,1,196,0,0,0,FALSO
47,6,4,0,2,3,0,4,229,1,1,0,FALSO
12,3,0,0,1,0,2,3,229,1,1,0,FALSO
16,4,0,0,0,0,0,0,204,3,4,4,FALSO
11,2,3,0,0,0,2,0,229,1,1,0,FALSO
34,10,7,0,0,1,0,3,196,0,0,4,FALSO
3,1,0,0,0,0,2,1,268,2,4,0,FALSO
1,1,0,0,0,0,1,0,56,1,2,0,FALSO
24,7,2,1,1,2,2,1,0,2,3,1,FALSO
3,1,0,0,0,0,0,4,268,2,4,0,FALSO
3,1,0,0,0,0,8,1,196,1,4,0,FALSO
3,1,0,1,0,0,1,1,268,2,4,0,FALSO
5,1,1,0,0,1,0,1,229,1,1,0,FALSO
3,1,0,0,0,1,5,0,196,1,2,0,FALSO
3,1,0,0,0,1,0,0,125,1,2,0,FALSO
15,2,4,0,0,0,1,5,196,3,10,1,FALSO
3,1,1,0,0,0,0,0,229,1,1,0,FALSO
3,1,0,0,0,1,1,0,225,2,2,0,FALSO
3,1,0,0,0,1,0,0,84,1,1,0,FALSO
29,1,0,0,0,1,0,1,268,2,4,1,FALSO
3,1,0,0,0,1,0,0,268,2,4,1,FALSO
63,5,27,0,0,0,0,2,229,1,1,1,FALSO
14,2,4,0,1,0,1,6,268,2,4,1,FALSO
40,11,3,2,1,2,2,4,196,1,4,0,FALSO
156,2,0,0,0,0,2,1,268,2,4,11,FALSO
3,1,0,1,0,1,1,0,196,1,2,0,FALSO
5,1,3,0,0,0,1,0,268,2,4,0,FALSO
3,1,0,0,0,1,0,1,196,1,2,0,FALSO
3,1,0,1,0,1,2,1,196,1,2,0,FALSO
3,1,0,0,0,1,2,1,196,1,2,0,FALSO
15,4,4,5,0,0,1,1,268,2,4,0,FALSO
35,10,3,0,1,0,1,2,0,2,3,2,FALSO
3,1,0,0,0,1,0,2,268,2,4,1,FALSO
7,2,2,0,0,0,0,1,196,0,0,0,FALSO
20,3,4,1,1,2,0,1,56,2,3,2,FALSO
3,1,0,0,0,1,0,5,229,1,1,0,FALSO
13,3,2,0,0,0,0,2,196,3,10,0,FALSO
25,7,8,2,0,3,1,1,229,1,1,1,FALSO
4,1,1,0,0,1,1,0,196,1,4,0,FALSO
3,1,0,0,0,1,1,1,225,2,3,0,FALSO
3,1,0,0,0,0,0,3,268,2,4,0,FALSO
6,1,0,0,0,0,0,2,196,3,10,0,FALSO
5,2,0,0,0,0,1,0,0,1,2,0,FALSO
4,1,1,0,0,0,1,2,229,1,1,1,FALSO
9,2,1,0,0,2,1,0,196,0,0,3,FALSO
3,1,0,0,0,0,5,1,196,3,10,0,FALSO
3,1,0,0,0,0,0,0,268,2,4,0,FALSO
14,4,3,2,0,1,1,0,132,0,0,0,FALSO
48,8,7,2,1,1,0,6,0,2,3,7,FALSO
11,2,4,1,1,1,0,1,132,0,0,3,FALSO
9,2,1,0,0,0,0,1,229,1,1,2,FALSO
8,2,0,0,1,1,0,2,225,2,2,0,FALSO
3,1,0,0,0,0,0,0,225,2,2,0,FALSO
23,4,6,3,1,1,0,1,196,1,4,0,FALSO
3,1,0,0,0,1,1,1,204,3,4,0,FALSO
22,2,2,0,0,1,0,2,196,1,1,1,FALSO
8,2,0,0,0,0,0,2,56,2,3,0,FALSO
6,1,2,0,0,1,0,1,196,1,1,0,FALSO
6,2,0,0,0,0,1,0,229,1,1,0,FALSO
20,4,1,0,1,1,1,3,56,1,2,1,FALSO
8,2,0,0,1,0,0,0,204,3,4,1,FALSO
3,1,0,0,0,0,0,1,196,3,10,0,FALSO
3,1,0,0,0,1,0,1,132,0,0,0,FALSO
16,3,0,0,1,1,2,0,196,1,1,2,FALSO
3,1,0,0,0,0,1,1,196,3,10,0,FALSO
4,1,1,0,0,0,0,2,268,2,4,1,FALSO
12,3,1,0,1,0,1,1,56,1,2,0,FALSO
3,2,0,0,0,1,3,0,229,1,1,0,FALSO
9,1,5,0,0,0,0,5,196,3,10,0,FALSO
6,2,2,0,0,0,0,0,225,2,2,0,FALSO
5,1,0,0,0,0,0,0,229,1,1,0,FALSO
8,2,0,0,0,2,0,1,229,1,1,0,FALSO
40,7,1,1,0,1,0,6,204,3,4,3,FALSO
24,7,3,4,1,0,1,0,196,0,0,2,FALSO
35,1,1,0,0,1,2,1,204,3,4,4,FALSO
54,4,5,1,0,2,1,4,229,1,1,2,FALSO
9,3,2,0,0,1,0,0,268,2,4,0,FALSO
72,12,6,0,3,2,1,12,196,3,10,5,FALSO
3,2,0,0,0,1,0,1,56,1,2,1,FALSO
12,3,4,0,0,1,0,0,225,2,2,1,FALSO
99,24,36,13,1,0,0,13,96,3,6,2,FALSO
25,7,5,0,0,2,3,1,56,1,2,2,FALSO
3,1,0,0,0,0,0,1,229,1,1,0,FALSO
3,1,0,0,0,0,0,1,268,2,4,2,FALSO
3,1,0,0,0,1,1,0,96,3,6,0,FALSO
5,1,2,0,0,1,0,0,56,2,3,2,FALSO
1,1,0,0,0,0,2,0,204,3,4,0,FALSO
13,2,0,0,1,1,1,0,196,1,1,2,FALSO
7,2,0,0,0,2,0,0,196,1,2,0,FALSO
3,1,0,0,0,1,1,1,196,1,2,0,FALSO
99,24,36,13,1,0,0,3,96,3,6,2,FALSO
23,6,2,1,1,4,0,0,268,2,4,2,FALSO
3,1,0,0,0,0,0,1,196,1,1,0,FALSO
3,1,0,0,0,1,1,1,56,1,2,0,FALSO
15,4,1,1,1,2,2,2,96,3,6,0,FALSO
5,2,0,0,0,0,1,0,196,1,1,0,FALSO
1,1,0,0,0,0,0,0,204,2,2,0,FALSO
3,1,0,1,0,1,0,0,225,2,3,1,FALSO
43,1,1,0,0,1,0,3,268,2,4,3,FALSO
3,1,0,0,0,1,0,1,268,2,4,0,FALSO
3,1,0,0,0,1,0,1,268,2,4,3,FALSO
10,2,2,2,0,0,0,8,229,1,1,0,FALSO
3,1,0,0,0,0,1,1,268,2,4,1,FALSO
25,3,1,2,0,0,1,3,229,1,1,0,FALSO
11,2,1,0,1,0,1,0,96,3,6,2,FALSO
7,2,3,0,0,0,0,1,225,2,2,0,FALSO
4,1,0,0,0,1,0,1,196,1,2,0,FALSO
4,2,1,0,0,1,0,0,229,1,1,0,FALSO
1,1,0,0,0,0,2,0,204,2,2,0,FALSO
7,2,1,1,0,0,0,0,0,1,2,0,FALSO
8,2,3,0,0,1,1,2,196,1,2,2,FALSO
3,1,0,0,0,0,1,0,196,3,10,0,FALSO
3,1,0,0,0,1,11,0,229,1,1,0,FALSO
72,15,11,2,1,2,1,2,56,1,2,15,FALSO
3,1,0,0,0,1,2,0,204,2,2,0,FALSO
5,2,0,0,0,0,2,0,229,1,1,0,FALSO
3,1,0,0,0,1,1,0,196,0,0,2,FALSO
59,10,8,2,4,1,1,4,0,2,3,2,FALSO
3,1,0,0,0,1,0,0,56,1,2,0,FALSO
26,5,5,1,0,3,1,2,196,1,4,1,FALSO
148,24,14,2,4,5,0,14,268,2,4,9,FALSO
7,2,2,0,0,0,1,0,0,1,2,0,FALSO
3,1,0,0,0,0,0,0,56,1,2,0,FALSO
6,1,2,0,0,1,1,1,229,1,1,0,FALSO
16,3,0,0,1,1,1,0,196,1,1,2,FALSO
24,7,7,3,0,1,0,4,56,1,2,2,FALSO
9,2,2,0,0,1,2,1,229,1,1,0,FALSO
7,2,2,2,0,0,2,1,196,3,6,1,FALSO
3,1,0,0,0,0,1,1,268,2,4,0,FALSO
51,6,31,7,1,0,0,3,56,1,2,0,FALSO
3,1,0,0,0,1,2,0,196,0,0,0,FALSO
14,4,0,1,0,1,0,0,225,2,3,0,FALSO
14,2,0,0,1,0,1,0,196,3,10,2,FALSO
9,1,6,0,0,1,1,0,196,3,10,0,FALSO
6,1,3,0,0,0,1,0,84,1,1,0,FALSO
7,3,1,0,0,0,0,1,196,3,10,1,FALSO
36,6,2,0,3,5,1,4,196,0,0,4,FALSO
22,4,0,0,2,1,1,2,0,2,3,0,FALSO
33,8,1,0,1,0,1,2,96,3,6,7,FALSO
10,2,1,0,0,1,2,0,196,0,0,0,FALSO
8,1,5,0,0,0,1,0,56,1,2,0,FALSO
3,1,0,0,0,1,1,0,229,1,1,0,FALSO
17,2,9,0,0,0,0,7,196,3,10,1,FALSO
7,1,1,0,0,2,0,2,196,1,1,2,FALSO
7,2,2,0,0,1,1,1,196,3,10,1,FALSO
23,1,0,0,0,0,4,0,196,0,0,3,FALSO
34,10,7,0,0,1,0,0,196,0,0,4,FALSO
13,2,2,0,0,0,2,1,196,3,10,0,FALSO
3,1,0,0,0,1,0,1,225,2,3,0,FALSO
11,1,1,0,0,0,1,0,196,3,10,0,FALSO
3,1,0,0,0,1,1,0,268,2,4,1,FALSO
28,3,5,0,0,1,2,2,229,1,1,3,FALSO
36,3,3,0,1,3,0,1,204,3,4,5,FALSO
8,2,0,0,0,2,0,0,225,2,2,0,FALSO
4,1,1,0,0,0,1,0,0,2,3,0,FALSO
8,2,0,0,0,1,4,0,196,1,1,1,FALSO
6,1,2,0,0,0,0,1,196,1,1,0,FALSO
13,1,10,0,0,1,2,0,56,1,2,0,FALSO
6,1,2,0,0,1,0,1,268,2,4,1,FALSO
3,1,1,0,0,0,0,0,196,1,1,0,FALSO
4,1,1,0,0,0,0,0,196,3,10,0,FALSO
16,3,3,0,0,1,0,1,132,0,0,0,FALSO
6,1,3,3,0,1,1,1,96,3,6,1,FALSO
9,3,0,0,0,1,0,8,204,3,4,2,FALSO
3,1,0,0,0,1,2,0,56,1,2,0,FALSO
39,8,6,3,1,1,2,2,196,0,0,5,FALSO
26,5,2,1,1,1,4,7,229,1,1,4,FALSO
3,1,0,1,0,1,0,0,196,1,2,1,FALSO
3,1,0,0,0,1,1,0,225,2,3,1,FALSO
3,1,1,0,0,0,1,0,0,1,2,0,FALSO
3,1,0,0,0,0,1,1,56,1,2,0,FALSO
7,2,1,0,0,0,1,2,196,1,4,0,FALSO
11,2,2,0,0,1,0,0,132,0,0,0,FALSO
3,1,0,0,0,1,0,1,196,1,1,0,FALSO
1,1,0,0,0,0,1,0,204,3,4,0,FALSO
3,1,0,0,0,1,1,0,56,1,2,0,FALSO
50,7,5,0,2,1,2,9,229,1,1,5,FALSO
8,1,3,3,0,1,0,1,56,2,3,0,FALSO
11,2,2,0,0,1,0,2,229,1,1,1,FALSO
5,1,3,0,0,0,0,0,196,0,0,0,FALSO
8,2,0,0,0,2,3,1,196,0,0,0,FALSO
1,1,0,0,0,0,0,0,56,1,2,0,FALSO
10,2,1,0,0,2,10,1,196,3,10,0,FALSO
8,2,0,0,0,1,0,4,196,0,0,2,FALSO
3,1,1,0,0,0,1,0,196,1,1,0,FALSO
16,5,1,0,0,0,0,2,204,3,4,0,FALSO
21,4,1,0,1,1,1,2,196,3,10,3,FALSO
24,8,2,0,1,4,0,3,268,2,4,3,FALSO
3,1,0,0,0,0,1,1,56,2,3,0,FALSO
6,4,0,1,0,0,1,0,125,1,2,0,FALSO
3,1,0,0,0,1,0,1,225,2,2,0,FALSO
3,1,0,0,0,1,0,0,196,1,4,0,FALSO
3,1,0,0,0,1,1,0,196,1,2,1,FALSO
7,2,1,0,0,2,0,0,196,1,2,0,FALSO
3,1,1,0,0,0,1,0,56,1,2,0,FALSO
18,3,2,0,1,3,1,0,96,3,6,0,FALSO
10,2,6,0,0,0,0,0,196,0,0,0,FALSO
27,2,0,0,0,0,2,1,229,1,1,2,FALSO
7,1,5,0,0,0,1,1,268,2,4,0,FALSO
18,3,4,5,0,0,1,0,56,1,2,1,FALSO
23,7,2,0,1,4,2,1,0,2,3,1,FALSO
3,1,1,0,0,0,0,0,56,1,2,0,FALSO
9,2,0,0,0,0,0,3,56,2,3,0,FALSO
55,14,4,0,1,3,0,3,204,3,4,2,FALSO
2,1,0,0,0,0,0,0,56,2,3,0,FALSO
11,4,1,0,0,0,0,0,229,1,1,0,FALSO
8,3,0,0,0,2,2,0,268,2,4,0,FALSO
24,5,6,3,2,0,1,0,56,1,2,0,FALSO
16,4,4,0,0,2,0,1,268,2,4,2,FALSO
3,1,0,0,0,0,0,1,196,0,0,0,FALSO
11,4,1,0,1,0,1,0,84,1,1,0,FALSO
29,1,1,0,0,1,0,1,196,3,6,4,FALSO
8,1,5,0,0,0,0,0,196,1,4,0,FALSO
8,1,6,0,0,0,1,0,196,3,10,0,FALSO
3,1,0,0,0,0,1,0,196,1,4,0,FALSO
5,1,3,0,0,0,1,0,196,3,10,0,FALSO
6,1,0,0,0,0,2,2,196,3,10,0,FALSO
4,1,0,0,0,0,0,0,196,0,0,0,FALSO
5,2,0,0,0,0,8,0,196,3,10,1,FALSO
9,2,1,0,1,1,1,2,196,1,1,1,FALSO
3,1,0,0,0,1,10,0,196,3,10,0,FALSO
3,1,0,0,0,1,2,1,204,3,4,3,FALSO
48,1,0,0,0,1,1,1,56,2,3,0,FALSO
5,2,0,0,0,0,1,0,56,1,2,0,FALSO
4,1,0,0,0,0,1,1,56,1,2,0,FALSO
8,2,2,0,0,2,1,1,268,2,4,3,FALSO
12,3,1,0,0,0,2,2,196,3,10,1,FALSO
6,2,0,0,0,2,8,1,196,3,10,0,FALSO
5,2,0,0,0,0,0,0,229,1,1,1,FALSO
11,2,0,0,1,2,0,0,268,2,4,1,FALSO
3,1,0,0,0,0,0,4,229,1,1,0,FALSO
3,2,0,0,0,1,0,1,196,1,2,0,FALSO
9,2,0,0,0,0,0,1,229,1,1,0,FALSO
7,3,1,0,0,2,0,0,225,2,2,1,FALSO
25,6,2,0,0,3,0,1,204,3,4,4,FALSO
15,3,0,0,1,0,1,0,196,0,0,2,FALSO
21,5,6,1,1,2,1,2,268,2,4,4,FALSO
9,2,1,0,0,2,0,0,196,3,10,1,FALSO
22,6,1,1,1,2,2,1,268,2,4,7,FALSO
7,3,2,0,0,1,1,2,196,1,2,1,FALSO
86,12,34,0,2,0,1,7,196,1,1,0,FALSO
30,5,6,0,1,0,1,0,96,3,6,0,FALSO
12,3,4,0,0,1,0,3,225,2,2,1,FALSO
6,1,3,2,0,0,2,0,196,0,0,0,FALSO
20,8,0,1,0,7,1,0,196,3,10,0,FALSO
3,1,0,0,0,1,0,1,196,3,10,0,FALSO
11,2,3,0,0,1,1,1,196,1,1,0,FALSO
7,3,0,0,0,0,2,0,229,1,1,0,FALSO
3,1,1,0,0,0,0,0,56,2,3,0,FALSO
7,3,0,0,0,2,0,1,229,1,1,0,FALSO
5,1,3,0,0,0,0,0,268,2,4,0,FALSO
3,1,0,0,0,1,1,0,196,1,1,0,FALSO
1,1,0,0,0,0,4,0,204,2,2,0,FALSO
3,1,0,0,0,1,1,0,96,3,6,10,FALSO
4,1,0,0,0,0,0,1,225,2,3,0,FALSO
13,3,1,0,0,1,0,5,229,1,1,0,FALSO
4,1,0,0,0,0,1,1,196,1,2,0,FALSO
8,2,0,0,0,1,2,3,229,1,1,1,FALSO
74,15,14,3,0,3,1,2,229,1,1,3,FALSO
12,2,1,0,1,0,1,2,56,1,2,2,FALSO
7,2,2,0,0,0,0,1,196,3,10,0,FALSO
10,2,8,0,0,0,0,0,196,3,10,0,FALSO
7,2,0,5,0,1,0,0,196,1,2,0,FALSO
20,5,6,0,0,0,2,2,196,3,10,1,FALSO
16,3,3,0,0,1,0,3,196,1,1,1,FALSO
3,1,0,0,0,1,0,1,268,2,4,1,FALSO
16,3,5,0,0,2,1,0,229,1,1,3,FALSO
10,2,2,0,0,0,2,0,196,3,10,0,FALSO
5,2,0,0,0,0,4,0,196,1,1,0,FALSO
3,1,0,0,0,1,0,0,96,3,6,0,FALSO
23,6,7,1,0,1,2,3,268,2,4,4,FALSO
3,1,0,0,0,0,2,0,56,1,2,0,FALSO
76,16,18,1,1,2,1,12,196,0,0,19,FALSO
10,2,1,0,0,0,0,3,196,3,10,1,FALSO
5,1,1,0,0,1,4,1,196,3,10,1,FALSO
10,1,6,0,0,1,1,0,56,1,2,1,FALSO
13,3,0,0,0,3,1,0,196,1,1,0,FALSO
4,1,1,0,0,1,2,0,229,1,1,0,FALSO
3,1,0,0,0,0,0,1,56,2,3,0,FALSO
11,1,1,0,0,0,2,0,196,3,10,0,FALSO
11,4,0,0,0,3,0,1,229,1,1,0,FALSO
87,25,27,7,0,2,1,2,96,3,6,6,FALSO
27,1,0,0,0,0,2,0,196,0,0,2,FALSO
6,2,1,0,0,0,2,2,196,1,1,0,FALSO
3,1,0,0,0,0,1,0,196,3,6,0,FALSO
31,2,4,0,0,1,2,3,229,1,1,2,FALSO
11,4,2,0,0,2,1,0,196,3,10,2,FALSO
12,4,2,0,0,1,0,0,84,1,1,1,FALSO
14,2,4,1,0,0,1,1,125,1,2,4,FALSO
13,2,5,0,0,0,1,5,196,3,10,4,FALSO
18,1,1,0,0,0,1,3,268,2,4,0,FALSO
5,1,0,0,0,1,0,2,196,1,1,0,FALSO
6,3,0,0,0,2,0,1,56,1,2,0,FALSO
3,1,0,0,0,1,0,0,229,1,1,1,FALSO
1,1,0,0,0,0,5,0,204,3,4,0,FALSO
9,2,3,0,0,1,0,0,268,2,4,0,FALSO
11,2,0,0,0,0,1,1,196,1,1,1,FALSO
18,4,2,1,0,1,1,0,268,2,4,0,FALSO
4,1,1,0,0,0,0,1,196,0,0,1,FALSO
6,2,1,0,0,0,2,0,56,1,2,0,FALSO
10,5,1,0,0,0,1,1,196,3,10,0,FALSO
80,24,9,7,4,0,3,4,96,3,6,9,FALSO
18,3,3,0,0,0,0,1,196,1,4,0,FALSO
10,2,5,0,0,0,0,0,204,3,4,0,FALSO
4,1,0,0,0,0,1,2,196,0,0,0,FALSO
9,1,5,0,0,0,0,4,196,3,10,0,FALSO
14,5,0,1,0,4,0,0,196,1,1,0,FALSO
3,1,0,0,0,1,0,0,225,2,2,1,FALSO
3,1,0,0,0,0,0,0,132,0,0,0,FALSO
63,5,27,0,0,0,0,3,229,1,1,1,FALSO
5,1,2,0,0,0,0,0,196,1,1,1,FALSO
2,1,0,0,0,0,12,0,196,3,10,0,FALSO
6,1,3,0,0,0,0,1,96,3,6,0,FALSO
3,1,1,0,0,0,1,0,229,1,1,0,FALSO
12,3,1,0,1,1,3,0,196,0,0,0,FALSO
41,9,1,0,2,1,1,3,196,1,1,3,FALSO
23,1,0,0,0,1,0,3,196,1,1,2,FALSO
4,1,0,0,0,0,0,2,196,3,10,0,FALSO
22,3,1,0,0,0,2,0,196,1,4,6,FALSO
7,2,0,0,0,0,0,0,56,2,3,0,FALSO
5,1,1,0,0,1,1,3,196,3,10,0,FALSO
5,2,0,0,0,0,1,2,196,1,1,0,FALSO
3,1,0,0,0,1,4,0,196,1,2,0,FALSO
15,3,3,0,0,0,1,5,268,2,4,3,FALSO
3,1,0,0,0,0,0,1,268,2,4,0,FALSO
7,2,1,0,0,2,3,0,196,1,2,3,FALSO
11,4,1,1,0,1,0,1,196,3,6,0,FALSO
46,12,9,8,1,1,0,4,196,1,4,2,FALSO
4,1,2,0,0,0,1,0,196,3,10,0,FALSO
9,1,3,0,0,0,0,0,268,2,4,0,FALSO
3,1,0,0,0,1,0,1,225,2,3,1,FALSO
3,1,0,0,0,1,1,0,204,3,4,2,FALSO
22,6,1,1,1,2,2,2,268,2,4,7,FALSO
26,3,1,2,0,1,2,3,229,1,1,0,FALSO
86,18,24,8,1,0,0,2,125,1,2,0,FALSO
8,2,1,0,0,1,0,2,196,3,10,1,FALSO
13,5,2,0,0,1,1,3,56,1,2,3,FALSO
7,3,1,0,0,2,2,0,196,1,2,0,FALSO
11,3,4,0,0,2,7,1,196,1,2,0,FALSO
33,14,14,3,0,4,1,1,268,2,4,4,FALSO
14,6,2,0,0,0,2,2,196,3,10,0,FALSO
24,9,3,2,0,2,0,0,229,1,1,0,FALSO
1,1,0,0,0,0,0,0,225,2,2,0,FALSO
18,5,4,0,0,1,1,0,196,1,4,0,FALSO
11,3,3,0,0,0,2,0,229,1,1,4,FALSO
17,4,1,2,1,0,2,1,196,0,0,1,FALSO
3,1,0,1,0,1,0,1,196,1,2,0,FALSO
23,4,6,1,0,0,1,7,196,3,10,1,FALSO
11,2,3,0,0,1,2,1,196,1,1,0,FALSO
3,1,0,0,0,0,4,0,225,2,3,0,FALSO
22,1,20,0,0,0,0,1,196,1,1,0,FALSO
37,11,11,8,0,1,0,0,196,0,0,1,FALSO
3,1,0,2,0,1,1,0,96,3,6,0,FALSO
18,2,1,0,0,1,0,7,196,0,0,3,FALSO
25,3,2,0,0,1,0,2,268,2,4,0,FALSO
3,1,0,0,0,1,2,1,196,1,1,0,FALSO
28,7,6,2,0,1,0,1,225,2,2,0,FALSO
8,2,0,0,1,0,0,1,96,3,6,2,FALSO
24,10,0,0,0,10,1,0,196,3,10,1,FALSO
52,14,13,2,0,1,0,3,196,3,10,3,FALSO
38,5,9,0,2,1,1,0,56,2,3,0,FALSO
12,2,0,0,0,0,3,0,196,3,6,8,FALSO
3,1,0,0,0,0,0,0,196,1,1,0,FALSO
3,1,0,0,0,1,23,0,229,1,1,0,FALSO
8,2,0,0,0,0,3,2,229,1,1,1,FALSO
17,4,0,0,1,0,0,2,196,0,0,1,FALSO
12,4,0,0,1,0,0,0,56,2,3,0,FALSO
3,1,1,0,0,0,1,0,204,3,4,0,FALSO
4,1,1,0,0,0,0,0,56,2,3,0,FALSO
27,4,3,0,1,1,1,0,84,1,1,1,FALSO
8,3,0,0,0,0,0,0,125,1,2,0,FALSO
6,2,0,0,0,0,1,1,96,3,6,1,FALSO
4,1,1,1,0,1,0,3,225,2,3,0,FALSO
9,2,1,0,0,0,0,2,229,1,1,0,FALSO
8,3,0,0,0,1,1,1,229,1,1,0,FALSO
20,5,2,0,0,0,0,3,196,3,10,2,FALSO
10,4,2,0,0,2,3,0,196,1,2,3,FALSO
5,1,0,0,0,0,0,1,84,1,1,0,FALSO
1,1,0,0,0,0,1,0,204,2,2,0,FALSO
5,2,0,0,0,0,1,0,96,3,6,1,FALSO
86,12,34,0,2,0,1,25,196,1,1,0,FALSO
3,1,0,0,0,1,1,0,196,0,0,0,FALSO
2,1,0,0,0,0,0,0,268,2,4,0,FALSO
14,2,0,0,1,0,0,0,56,2,3,0,FALSO
33,15,1,7,1,0,0,16,196,1,2,2,FALSO
35,7,7,1,0,2,1,5,229,1,1,2,FALSO
16,4,4,0,0,0,0,4,268,2,4,3,FALSO
37,8,4,1,2,7,0,4,268,2,4,0,FALSO
16,4,1,2,1,1,1,2,204,3,4,0,FALSO
13,1,8,0,0,0,0,5,196,3,10,0,FALSO
24,7,2,0,1,2,0,2,229,1,1,2,FALSO
37,8,4,1,2,7,0,1,268,2,4,0,FALSO
9,2,0,0,0,0,0,6,56,2,3,0,FALSO
3,1,0,0,0,0,0,0,196,0,0,0,FALSO
3,1,0,0,0,0,2,1,229,1,1,0,FALSO
16,3,2,0,0,2,0,0,196,1,4,0,FALSO
3,2,0,0,0,1,3,1,196,3,10,0,FALSO
4,3,0,0,0,1,0,1,268,2,4,0,FALSO
21,7,3,2,1,3,3,0,0,2,3,0,FALSO
31,7,3,0,2,0,2,0,56,2,3,0,FALSO
9,1,1,1,0,0,1,0,132,0,0,0,FALSO
3,1,0,0,0,1,0,2,56,1,2,0,FALSO
3,1,0,0,0,0,3,2,229,1,1,0,FALSO
8,2,2,0,0,2,0,2,196,0,0,0,FALSO
15,2,2,0,0,0,1,1,196,0,0,2,FALSO
8,2,0,0,1,1,0,0,196,1,1,1,FALSO
3,1,0,0,0,0,0,2,196,1,1,0,FALSO
3,1,0,0,0,0,2,1,196,3,10,0,FALSO
79,14,13,2,2,3,0,0,56,2,3,5,FALSO
3,1,0,0,0,0,2,0,196,1,2,0,FALSO
6,2,0,0,0,2,0,2,196,0,0,0,FALSO
3,1,0,0,0,0,6,0,229,1,1,0,FALSO
23,3,1,0,0,0,1,2,268,2,4,0,FALSO
3,1,0,0,0,0,0,0,196,1,4,0,FALSO
6,1,4,0,0,0,1,2,268,2,4,0,FALSO
3,1,0,0,0,1,0,1,204,3,4,0,FALSO
5,2,1,0,0,0,0,1,229,1,1,0,FALSO
8,2,2,1,0,1,1,1,196,0,0,0,FALSO
4,1,0,0,0,0,3,2,196,3,10,0,FALSO
36,5,5,0,0,2,0,1,229,1,1,0,FALSO
15,2,2,0,0,0,0,1,196,0,0,2,FALSO
4,1,1,0,0,1,0,2,268,2,4,1,FALSO
9,2,0,0,0,0,0,7,56,2,3,0,FALSO
30,1,0,0,0,0,0,1,204,3,4,4,FALSO
8,2,2,0,0,1,0,0,84,1,1,0,FALSO
46,11,11,2,1,2,3,2,229,1,1,3,FALSO
14,1,0,0,0,0,1,1,204,3,4,2,FALSO
3,1,0,0,0,1,2,0,96,3,6,0,FALSO
5,2,0,0,0,0,0,1,196,0,0,0,FALSO
5,1,1,0,0,0,1,0,56,2,3,0,FALSO
19,4,1,0,1,1,1,0,96,3,6,2,FALSO
21,3,4,0,0,0,0,2,268,2,4,0,FALSO
7,2,2,1,0,0,1,1,196,3,10,0,FALSO
7,5,1,0,0,2,1,1,196,1,2,0,FALSO
11,3,3,0,0,2,1,0,56,1,2,0,FALSO
53,12,5,0,2,2,6,3,196,3,10,1,FALSO
4,1,0,0,0,0,1,1,196,3,10,0,FALSO
74,3,8,0,0,0,1,0,196,3,10,10,FALSO
3,1,1,0,0,0,0,0,196,3,10,0,FALSO
3,1,0,1,0,0,1,2,196,1,1,0,FALSO
9,3,0,0,0,3,1,1,56,1,2,0,FALSO
27,5,3,0,2,0,1,2,0,2,3,3,FALSO
13,1,8,0,0,0,0,6,196,3,10,0,FALSO
22,4,0,0,2,1,1,2,0,2,3,1,FALSO
14,3,0,0,1,1,0,0,96,3,6,0,FALSO
3,1,0,0,0,1,1,1,196,3,10,0,FALSO
7,2,2,0,0,0,1,1,96,3,6,0,FALSO
26,4,7,1,1,0,1,1,56,1,2,3,FALSO
11,4,3,0,0,1,3,3,0,2,3,1,FALSO
35,7,5,1,1,1,2,7,229,1,1,5,FALSO
5,2,0,0,0,0,0,0,229,1,1,0,FALSO
8,2,1,0,0,1,0,0,196,0,0,0,FALSO
20,2,8,0,1,0,1,1,132,0,0,0,FALSO
31,7,3,0,1,2,0,1,196,1,1,5,FALSO
3,1,1,0,0,0,3,0,229,1,1,0,FALSO
6,2,0,0,0,1,0,0,125,1,2,0,FALSO
22,6,1,0,0,0,0,8,196,0,0,2,FALSO
13,4,0,0,1,0,0,1,268,2,4,1,FALSO
13,2,7,0,0,0,1,2,56,2,3,0,FALSO
32,10,8,0,0,1,0,2,196,3,10,1,FALSO
8,2,0,0,1,1,0,2,196,1,1,1,FALSO
10,3,1,0,0,1,1,1,204,3,4,3,FALSO
37,1,0,0,0,1,0,1,268,2,4,2,FALSO
21,5,4,0,0,1,0,2,196,1,4,0,FALSO
4,1,1,0,0,0,1,0,196,3,10,0,FALSO
13,4,3,2,0,0,1,0,125,1,2,0,FALSO
10,1,1,0,0,0,1,0,196,3,10,0,FALSO
27,2,0,0,0,0,8,1,229,1,1,2,FALSO
4,1,1,0,0,1,0,0,196,3,6,0,FALSO
9,2,1,0,0,0,2,0,196,0,0,1,FALSO
7,1,1,0,0,2,0,0,196,1,1,0,FALSO
8,2,2,0,0,1,0,1,229,1,1,2,FALSO
3,1,0,0,0,0,0,0,225,2,3,0,FALSO
26,11,0,1,0,10,1,0,196,3,10,1,FALSO
6,2,0,0,0,0,5,1,96,3,6,1,FALSO
5,1,2,2,0,0,2,1,56,1,2,0,FALSO
9,2,1,0,0,2,0,0,196,3,10,0,FALSO
6,2,0,0,0,0,0,0,132,0,0,0,FALSO
3,1,0,0,0,0,3,1,229,1,1,0,FALSO
3,1,0,0,0,1,1,0,84,1,1,0,FALSO
9,2,0,0,0,2,0,1,196,3,10,0,FALSO
5,1,1,0,0,0,0,1,196,0,0,0,FALSO
6,2,0,0,0,0,0,0,229,1,1,0,FALSO
5,1,1,1,0,0,1,0,56,1,2,0,FALSO
12,4,0,0,0,0,0,0,229,1,1,0,FALSO
3,1,0,0,0,0,1,1,229,1,1,0,FALSO
17,1,2,0,0,0,0,45,196,0,0,0,FALSO
6,2,1,0,0,1,3,0,268,2,4,0,FALSO
10,2,1,0,0,1,0,1,229,1,1,0,FALSO
22,5,5,0,0,0,0,2,204,3,4,1,FALSO
111,3,46,0,0,0,0,5,196,3,10,5,FALSO
9,1,0,0,1,0,0,0,196,3,10,0,FALSO
15,3,0,0,1,0,1,2,196,0,0,2,FALSO
4,1,0,0,0,1,0,2,196,1,1,0,FALSO
10,3,2,0,0,0,3,2,196,3,10,1,FALSO
3,1,0,0,0,1,2,1,225,2,3,0,FALSO
1,1,0,0,0,0,1,0,196,1,1,0,FALSO
6,2,1,0,0,1,2,0,268,2,4,0,FALSO
46,12,13,0,0,3,2,7,196,3,10,1,FALSO
3,1,0,0,0,1,2,0,196,3,10,0,FALSO
7,1,3,0,0,0,1,0,56,1,2,0,FALSO
10,3,4,0,0,0,0,2,196,3,10,2,FALSO
8,1,1,0,0,1,0,0,229,1,1,0,FALSO
4,1,0,0,0,1,2,0,196,1,1,0,FALSO
10,4,1,0,0,3,3,1,229,1,1,3,FALSO
5,2,0,0,0,0,1,0,196,3,10,0,FALSO
55,12,14,5,0,1,1,0,196,1,4,12,FALSO
13,4,0,0,0,2,4,1,229,1,1,0,FALSO
7,1,4,0,0,0,0,1,268,2,4,0,FALSO
25,6,6,2,0,0,0,6,268,2,4,4,FALSO
3,1,1,0,0,0,3,0,196,3,10,0,FALSO
3,1,0,1,0,0,0,0,125,1,2,0,FALSO
40,7,4,4,0,4,0,3,229,1,1,1,FALSO
23,1,0,0,0,0,0,0,196,0,0,4,FALSO
8,1,6,0,0,0,0,0,196,3,6,0,FALSO
92,8,34,8,1,0,0,12,0,1,2,22,FALSO
7,2,0,0,0,0,0,1,225,2,2,0,FALSO
4,2,0,0,0,1,0,1,196,1,4,0,FALSO
28,6,2,4,1,3,0,0,204,3,4,4,FALSO
8,2,0,0,0,0,0,3,56,2,3,0,FALSO
7,2,1,0,0,0,2,3,196,3,10,0,FALSO
14,3,0,0,0,0,0,1,229,1,1,0,FALSO
4,1,2,0,0,0,3,0,268,2,4,0,FALSO
3,1,1,0,0,0,0,0,132,0,0,0,FALSO
3,1,1,0,0,0,2,0,204,3,4,0,FALSO
7,2,1,0,0,1,1,0,268,2,4,0,FALSO
30,1,1,0,0,0,1,2,268,2,4,2,FALSO
12,3,1,0,0,0,1,2,196,3,10,1,FALSO
18,5,2,1,1,2,1,8,196,0,0,3,FALSO
35,9,2,0,0,0,0,0,204,3,4,1,FALSO
3,1,0,1,0,1,0,1,225,2,2,0,FALSO
8,2,1,0,0,1,1,1,229,1,1,0,FALSO
3,1,1,0,0,0,0,0,204,2,2,0,FALSO
4,1,1,0,0,0,12,0,196,3,10,0,FALSO
46,11,11,2,1,2,3,1,229,1,1,3,FALSO
51,6,5,0,0,3,0,2,204,3,4,2,FALSO
9,2,3,0,0,1,2,0,268,2,4,0,FALSO
5,1,3,0,0,0,0,0,84,1,1,0,FALSO
8,2,4,0,0,1,5,1,196,1,2,0,FALSO
3,1,0,0,0,1,0,1,229,1,1,0,FALSO
26,2,4,0,0,1,1,2,229,1,1,2,FALSO
3,1,0,0,0,1,3,0,196,1,2,0,FALSO
39,14,4,3,0,3,0,4,196,3,6,3,FALSO
111,3,46,0,0,0,1,0,196,3,10,5,FALSO
6,1,2,0,0,1,1,1,268,2,4,1,FALSO
3,1,0,0,0,1,7,0,56,1,2,0,FALSO
6,1,0,0,0,0,1,1,56,1,2,1,FALSO
4,1,0,0,0,0,1,2,196,3,10,0,FALSO
66,3,8,0,1,2,0,3,204,3,4,7,FALSO
3,1,0,1,0,1,0,1,196,1,4,0,FALSO
7,4,1,0,0,2,0,0,196,3,10,0,FALSO
3,1,0,0,0,0,4,1,196,3,10,0,FALSO
6,2,0,0,0,0,0,0,84,1,1,0,FALSO
4,1,0,0,0,1,0,0,412,3,12,0,VERO
7,2,1,2,0,0,2,0,466,1,1,0,FALSO
4,1,0,0,0,1,0,0,441,1,4,0,FALSO
1,1,0,0,0,0,1,0,219,1,1,0,FALSO
8,1,5,0,0,0,1,0,412,3,7,0,FALSO
83,13,7,2,1,5,0,1,412,2,3,6,FALSO
3,1,0,0,0,1,0,0,412,3,12,0,VERO
3,1,0,0,0,1,1,0,412,3,12,0,VERO
10,2,1,0,1,1,1,2,4,1,3,2,FALSO
3,1,0,0,0,1,0,0,441,2,5,0,FALSO
3,1,0,0,0,1,3,0,412,3,12,0,VERO
3,1,0,0,0,1,0,0,157,3,12,0,FALSO
6,2,0,0,0,1,0,2,384,1,1,0,FALSO
3,1,0,1,0,0,3,0,480,0,0,0,FALSO
3,1,0,0,0,0,0,0,408,3,7,0,VERO
13,3,1,1,1,3,5,0,219,3,4,0,FALSO
20,5,6,0,0,1,0,1,412,1,3,0,FALSO
1,1,0,0,0,0,0,0,412,2,3,0,FALSO
16,1,14,0,0,0,2,0,412,2,4,0,FALSO
3,1,0,0,0,1,0,1,328,3,6,0,FALSO
31,6,12,3,0,0,0,3,219,1,1,0,FALSO
3,1,0,1,0,1,0,2,441,1,4,1,FALSO
3,1,1,0,0,0,2,0,216,1,1,0,FALSO
4,1,1,0,0,0,0,0,412,1,1,0,FALSO
36,13,5,1,1,3,0,2,157,3,12,5,FALSO
5,1,0,0,0,1,0,0,412,3,12,0,VERO
1,1,0,0,0,0,0,0,412,0,0,0,FALSO
3,1,0,0,0,0,0,0,328,2,8,0,FALSO
10,2,2,0,1,0,1,3,398,2,3,0,FALSO
4,1,0,0,0,1,0,1,441,2,5,0,FALSO
4,1,1,0,0,1,0,0,412,0,0,0,FALSO
1,1,0,0,0,0,0,0,412,2,3,0,VERO
3,1,0,0,0,1,0,1,445,1,2,2,VERO
10,5,0,0,0,2,0,0,412,1,3,0,FALSO
15,5,3,1,0,0,2,2,219,1,1,0,FALSO
60,1,0,0,0,0,1,0,445,1,2,0,VERO
3,1,0,0,0,0,1,0,154,1,3,0,FALSO
3,1,0,0,0,1,2,0,412,3,12,0,VERO
3,1,0,0,0,1,0,0,412,0,0,0,FALSO
3,1,0,0,0,0,1,0,466,1,1,0,VERO
9,3,1,2,0,1,2,0,219,1,1,0,FALSO
3,1,0,0,0,1,1,0,412,3,12,0,FALSO
3,1,0,1,0,1,2,0,219,1,1,0,FALSO
5,1,1,0,0,1,1,1,412,3,7,1,FALSO
11,3,4,0,0,1,1,0,92,1,1,1,FALSO
3,1,0,0,0,1,16,0,92,2,2,0,FALSO
4,1,2,0,0,0,1,0,154,1,3,0,FALSO
11,2,1,0,0,1,1,8,398,2,3,2,FALSO
3,1,0,0,0,1,2,0,412,0,0,0,FALSO
16,1,0,0,0,0,7,0,412,3,7,2,FALSO
10,3,3,0,0,1,1,1,484,3,13,0,FALSO
3,1,0,0,0,0,6,0,92,2,2,0,VERO
3,1,0,0,0,1,1,0,412,3,5,0,FALSO
7,2,3,0,0,0,0,47,441,2,5,0,VERO
3,1,0,0,0,1,0,0,441,1,4,0,FALSO
3,1,0,0,0,0,2,0,328,2,8,0,FALSO
6,2,0,0,0,1,2,1,328,2,8,0,FALSO
4,1,0,0,0,1,0,1,412,1,3,0,FALSO
22,4,0,0,2,1,1,0,216,2,2,1,FALSO
3,1,0,0,0,1,3,0,445,1,2,0,VERO
3,1,0,0,0,1,0,0,412,3,7,0,FALSO
3,1,0,0,0,0,0,0,219,3,4,0,FALSO
3,1,0,0,0,1,0,0,480,0,0,0,FALSO
16,2,11,0,0,0,0,3,25,0,0,0,FALSO
13,4,0,0,0,0,2,1,37,1,1,1,FALSO
20,4,4,0,0,1,0,0,113,2,3,3,FALSO
3,1,0,0,0,1,2,1,4,1,3,0,FALSO
3,1,0,0,0,0,0,1,412,3,3,0,FALSO
55,15,9,2,2,0,4,7,412,3,3,2,FALSO
4,1,0,1,0,1,1,0,4,1,3,0,FALSO
4,1,1,0,0,0,1,1,484,3,13,0,FALSO
1,1,0,0,0,0,0,0,412,3,7,0,VERO
3,1,0,1,0,1,0,0,412,3,12,0,VERO
1,1,0,0,0,0,0,0,412,3,7,0,FALSO
6,1,4,0,0,0,0,2,484,3,13,0,VERO
3,1,0,0,0,1,4,0,412,3,12,0,VERO
3,1,0,0,0,1,0,0,219,1,1,0,FALSO
16,2,8,2,1,0,1,0,37,1,1,1,FALSO
3,1,0,0,0,0,2,1,484,3,13,0,FALSO
3,1,0,0,0,1,0,0,412,1,1,0,FALSO
3,1,0,0,0,0,0,1,147,1,7,0,FALSO
3,1,0,0,0,0,0,0,412,1,1,0,FALSO
9,1,3,0,0,1,0,1,408,3,7,0,FALSO
11,3,0,0,1,1,0,4,412,0,0,8,FALSO
1,1,0,0,0,0,2,0,420,2,4,0,FALSO
24,3,4,1,0,0,1,3,412,3,7,2,FALSO
11,4,0,0,0,0,8,2,412,3,7,0,FALSO
14,2,4,1,0,0,1,2,466,1,1,4,VERO
8,2,4,0,0,1,12,1,412,3,12,0,VERO
3,1,0,0,0,1,0,1,4,2,5,0,FALSO
4,1,1,3,0,1,1,0,412,3,12,0,VERO
9,2,1,0,0,0,0,1,106,2,5,0,FALSO
7,2,2,1,0,1,0,0,412,1,1,0,FALSO
8,2,2,1,0,1,0,1,412,1,3,0,FALSO
3,2,0,0,0,1,4,1,445,1,2,1,VERO
24,5,5,1,2,2,0,0,484,3,13,1,FALSO
24,7,2,0,1,2,0,2,157,3,12,4,FALSO
14,3,2,0,1,1,1,2,25,0,0,1,FALSO
3,1,0,0,0,0,0,0,412,3,7,0,FALSO
4,1,1,0,0,0,0,1,412,1,1,0,FALSO
7,1,4,3,0,1,1,0,157,3,12,0,FALSO
47,6,4,0,2,3,0,2,445,1,2,0,VERO
3,1,0,0,0,1,0,0,4,2,5,0,FALSO
19,4,2,0,0,2,3,1,398,2,3,0,VERO
13,2,6,1,0,0,1,5,219,3,4,0,FALSO
3,1,0,0,0,0,0,0,412,3,12,0,VERO
1,1,0,0,0,0,1,0,328,3,6,0,FALSO
24,7,2,1,1,2,2,1,216,2,2,1,FALSO
3,1,1,0,0,0,1,0,412,3,7,0,FALSO
1,1,0,0,0,0,0,0,157,1,2,0,FALSO
3,1,0,0,0,0,0,0,484,3,13,0,FALSO
3,1,0,0,0,1,2,0,219,1,1,0,FALSO
3,1,0,1,0,0,7,1,484,3,13,0,VERO
3,1,0,0,0,1,7,0,412,3,12,0,VERO
3,1,0,0,0,1,1,0,466,1,1,0,FALSO
11,3,2,0,0,2,0,3,4,0,0,0,FALSO
20,4,4,0,0,1,1,2,92,2,2,0,FALSO
3,1,1,0,0,0,0,0,445,1,2,0,VERO
3,1,0,0,0,1,0,0,92,1,1,0,FALSO
3,1,0,0,0,1,0,1,384,1,1,0,FALSO
3,1,0,0,0,0,1,0,219,1,1,0,FALSO
7,1,1,0,0,2,3,0,412,3,3,4,FALSO
12,3,0,0,1,1,1,2,4,1,3,1,FALSO
3,1,0,0,0,1,0,0,219,1,1,4,FALSO
14,2,4,0,1,0,1,6,484,3,13,1,FALSO
20,5,6,3,0,0,2,3,412,0,0,2,FALSO
40,11,3,2,1,2,2,4,412,1,3,0,FALSO
156,2,0,0,0,0,2,1,484,3,13,11,FALSO
1,1,0,0,0,0,0,0,219,1,1,0,FALSO
3,1,0,1,0,1,1,0,412,3,12,0,VERO
21,6,7,3,1,0,3,0,412,3,3,0,FALSO
3,1,0,0,0,1,1,0,412,0,0,0,FALSO
3,1,0,0,0,1,1,1,412,3,12,0,VERO
3,1,0,0,0,1,0,0,412,1,4,0,FALSO
12,3,4,4,0,0,1,1,484,3,13,0,FALSO
3,1,0,0,0,1,0,1,484,3,13,1,FALSO
3,1,0,0,0,0,0,0,219,1,1,0,FALSO
4,1,1,0,0,0,1,0,92,1,1,0,VERO
3,1,0,0,0,1,0,4,445,1,2,0,VERO
25,7,8,2,0,3,1,1,445,1,2,1,VERO
4,1,1,0,0,1,1,0,412,1,3,0,FALSO
3,1,0,0,0,0,0,3,484,3,13,0,FALSO
5,1,2,0,0,0,0,1,92,1,1,0,VERO
3,1,0,0,0,1,0,0,25,0,0,0,FALSO
3,1,0,0,0,0,0,1,412,3,7,0,FALSO
22,6,1,0,1,0,1,3,157,3,12,3,FALSO
3,1,0,0,0,1,0,0,37,1,1,0,FALSO
3,1,0,0,0,1,1,0,4,1,3,0,FALSO
3,1,0,0,0,0,1,0,412,1,4,0,FALSO
14,4,3,2,0,1,4,1,480,1,1,0,FALSO
54,8,9,2,1,1,0,4,216,2,2,12,FALSO
11,2,4,1,1,1,0,3,480,1,1,3,FALSO
9,2,1,0,0,0,0,2,445,1,2,2,VERO
8,2,0,0,1,1,0,1,441,2,5,0,FALSO
3,1,0,0,0,0,0,0,441,2,5,0,FALSO
3,1,0,0,0,1,1,1,420,3,7,0,FALSO
1,1,0,0,0,0,3,0,219,1,1,0,FALSO
14,3,4,1,0,0,2,1,92,2,2,0,FALSO
6,1,3,2,0,0,1,0,106,2,5,0,FALSO
8,2,0,0,0,0,0,3,328,2,8,0,FALSO
3,1,0,0,0,0,3,1,398,2,3,0,FALSO
9,2,0,0,1,0,0,34,147,1,7,0,FALSO
3,1,1,0,0,0,1,0,412,3,5,0,FALSO
6,2,0,0,0,0,1,0,445,1,2,0,VERO
22,4,1,0,1,1,2,1,328,3,6,1,FALSO
7,1,5,0,0,0,2,0,152,1,3,0,FALSO
8,2,0,0,1,0,0,0,420,3,7,1,FALSO
3,1,0,0,0,1,2,0,4,1,3,0,FALSO
16,5,0,2,1,1,1,2,157,3,12,1,FALSO
3,1,0,0,0,1,1,0,328,2,8,0,FALSO
34,5,5,0,1,2,0,4,37,1,1,3,FALSO
5,1,0,0,0,0,0,2,412,3,7,0,FALSO
67,1,2,0,0,0,1,2,147,1,7,2,FALSO
24,3,0,0,1,0,2,1,152,1,3,1,FALSO
11,3,1,0,1,0,2,1,328,3,6,0,FALSO
8,2,0,0,1,0,1,0,147,1,7,1,FALSO
9,1,5,0,0,0,0,6,412,3,7,0,FALSO
4,1,1,0,0,0,0,1,412,3,3,0,FALSO
4,1,1,0,0,1,0,0,412,2,4,0,FALSO
3,1,1,0,0,0,1,0,412,1,1,0,FALSO
3,1,1,0,0,0,2,0,328,3,6,0,VERO
68,2,1,0,0,2,0,2,4,1,3,4,FALSO
5,2,0,0,0,0,1,0,219,1,1,0,FALSO
6,1,2,0,0,1,0,1,412,0,0,0,FALSO
10,2,2,0,0,1,0,2,92,2,2,0,FALSO
1,1,0,0,0,0,0,0,480,0,0,0,FALSO
8,2,1,1,0,0,2,2,4,1,3,0,FALSO
33,2,10,1,0,0,7,2,92,2,2,0,VERO
5,1,1,0,1,1,0,2,398,2,3,1,FALSO
15,4,0,0,1,1,0,21,4,2,5,2,FALSO
40,7,1,1,0,1,0,1,420,3,7,3,FALSO
35,1,1,0,0,1,2,1,420,3,7,4,FALSO
64,10,6,0,2,2,1,11,412,3,7,3,FALSO
128,3,47,2,0,0,0,3,4,1,3,0,FALSO
11,1,8,0,0,1,0,0,412,1,1,0,FALSO
12,3,4,0,0,1,0,0,441,2,5,1,VERO
3,1,1,0,0,0,1,0,412,3,7,0,VERO
86,21,30,10,1,0,0,11,408,3,7,2,VERO
6,1,3,1,0,0,0,2,412,1,4,0,FALSO
9,6,1,0,0,0,3,1,412,3,5,0,FALSO
25,7,5,0,0,2,4,1,328,3,6,2,FALSO
3,1,0,0,0,0,1,1,484,3,13,2,FALSO
19,2,7,0,1,0,0,3,480,1,1,0,FALSO
11,2,3,0,1,0,1,2,398,2,3,1,FALSO
10,2,1,0,0,2,4,1,412,3,12,0,FALSO
6,1,4,0,0,0,0,0,484,3,13,0,VERO
20,4,2,0,0,0,1,0,157,3,12,2,FALSO
7,2,0,0,0,2,2,0,412,3,12,0,VERO
3,1,0,0,0,1,0,0,484,3,13,3,FALSO
86,21,30,10,1,0,0,3,408,3,7,2,VERO
23,6,2,1,1,4,0,0,484,3,13,2,FALSO
37,6,5,2,3,3,1,7,4,1,3,3,FALSO
3,1,0,0,0,1,1,0,412,1,3,0,FALSO
14,4,3,2,0,1,1,0,480,1,1,0,FALSO
3,1,0,1,0,1,0,0,441,1,4,1,FALSO
43,1,1,0,0,1,0,2,484,3,13,3,FALSO
15,3,3,0,1,3,0,0,398,2,3,1,FALSO
24,5,3,0,1,0,0,2,157,3,12,3,FALSO
3,1,0,0,0,1,4,1,484,3,13,0,FALSO
21,5,0,1,1,0,0,2,157,3,12,1,FALSO
3,1,0,0,0,1,0,1,484,3,13,3,FALSO
4,1,1,0,0,1,1,0,412,3,5,0,FALSO
3,1,0,0,0,1,0,0,398,2,3,0,FALSO
18,2,0,0,0,1,12,1,4,1,3,0,FALSO
1,1,0,0,0,0,1,0,219,3,4,0,FALSO
3,1,0,0,0,0,1,1,408,3,7,0,FALSO
7,2,3,0,0,0,0,0,441,2,5,0,FALSO
3,1,0,1,0,1,0,0,441,2,5,1,FALSO
4,2,1,0,0,1,0,0,445,1,2,0,VERO
4,1,1,0,0,1,4,0,398,2,3,0,FALSO
5,1,1,0,0,1,0,1,445,1,2,0,VERO
45,8,11,0,1,1,1,37,106,2,5,6,VERO
3,1,0,0,0,0,1,0,4,1,2,0,FALSO
37,8,5,0,1,2,3,2,412,3,7,1,FALSO
78,37,0,0,0,37,4,0,412,1,4,0,FALSO
5,1,0,0,0,0,1,0,219,3,4,0,VERO
3,1,0,0,0,0,0,0,154,1,3,0,FALSO
21,3,5,2,1,0,0,1,412,0,0,1,FALSO
25,2,17,0,0,0,3,0,412,3,5,0,FALSO
30,6,4,0,1,1,0,4,157,3,12,1,FALSO
27,5,3,0,2,0,0,2,216,2,2,3,FALSO
3,1,0,0,0,1,0,0,328,3,6,0,FALSO
13,2,4,0,2,1,0,3,398,2,3,0,FALSO
3,1,0,0,0,1,0,1,37,1,1,0,FALSO
22,3,1,0,1,0,0,2,157,3,12,2,FALSO
130,23,14,3,4,5,0,10,484,3,13,9,FALSO
8,1,0,0,0,0,3,1,37,1,1,0,FALSO
12,4,1,0,0,3,1,0,25,0,0,2,FALSO
3,1,0,0,0,1,1,0,37,1,1,3,FALSO
8,2,0,0,1,2,2,0,412,1,4,0,FALSO
8,2,0,0,1,1,1,3,398,2,3,0,FALSO
4,1,0,0,0,0,1,2,4,1,3,0,FALSO
14,3,0,3,1,0,1,0,106,2,5,0,FALSO
3,1,0,1,0,1,1,0,441,1,4,0,FALSO
8,2,3,0,0,1,1,0,412,3,12,2,VERO
24,7,7,3,0,1,1,4,328,3,6,2,FALSO
9,2,1,1,0,2,0,0,412,1,1,0,FALSO
3,1,0,0,0,0,2,2,328,2,8,0,FALSO
37,7,1,1,3,1,4,0,147,1,7,2,FALSO
52,6,33,8,0,0,3,6,328,3,6,0,VERO
3,1,0,0,0,1,1,0,412,2,2,0,FALSO
3,1,0,0,0,1,1,0,328,2,8,0,VERO
6,1,3,0,0,0,1,1,384,0,0,0,FALSO
7,3,1,0,0,0,0,1,412,3,7,1,FALSO
26,7,6,1,0,2,1,1,152,1,3,0,FALSO
14,4,0,0,0,4,2,2,412,1,4,0,FALSO
2,1,0,0,0,0,0,0,92,2,2,0,VERO
7,1,0,0,0,0,1,0,219,3,4,0,VERO
4,1,1,0,0,1,3,0,398,2,3,0,FALSO
3,1,0,0,0,1,0,1,412,3,7,0,FALSO
8,2,0,0,1,1,2,2,219,1,1,0,FALSO
21,1,2,0,0,1,0,1,37,1,1,3,FALSO
1,1,0,0,0,0,0,0,328,2,8,0,FALSO
3,1,0,0,0,0,1,0,219,3,4,0,VERO
27,4,1,0,2,1,0,11,4,1,3,0,FALSO
12,3,0,0,1,1,1,1,4,1,3,1,FALSO
3,1,0,0,0,0,0,0,328,3,6,0,VERO
26,2,13,7,1,0,3,3,157,3,12,0,FALSO
20,3,3,3,1,0,1,0,412,3,3,0,FALSO
4,1,2,0,0,0,0,0,219,3,4,0,VERO
3,1,0,0,0,1,0,0,412,2,3,0,FALSO
3,1,0,3,0,1,0,0,412,1,1,0,FALSO
34,3,8,4,1,1,1,4,216,1,1,1,FALSO
1,1,0,0,0,0,1,0,328,2,8,0,FALSO
9,2,1,0,1,1,0,0,157,3,12,3,FALSO
51,1,1,0,0,1,0,1,157,3,12,5,FALSO
13,2,2,0,0,0,2,1,412,3,7,0,FALSO
15,1,1,0,0,0,1,0,37,1,1,1,FALSO
28,3,5,0,0,1,2,2,445,1,2,3,VERO
5,1,2,0,0,0,0,0,412,0,0,0,FALSO
36,3,3,0,1,3,0,1,420,3,7,5,FALSO
11,1,9,0,0,0,0,0,412,2,3,0,FALSO
25,4,3,0,1,2,1,3,412,2,3,4,FALSO
11,1,1,0,0,0,1,0,412,3,7,0,VERO
8,2,0,0,0,1,2,0,412,0,0,1,FALSO
6,1,2,0,0,0,0,1,412,0,0,0,FALSO
66,6,8,5,1,0,1,4,4,1,3,3,FALSO
3,1,0,0,0,1,0,0,4,1,3,0,FALSO
20,6,3,2,0,1,3,1,92,2,2,0,FALSO
15,1,1,0,0,0,2,0,412,2,4,3,FALSO
4,1,1,0,0,0,1,0,412,3,12,0,VERO
13,1,10,0,0,1,2,0,328,3,6,0,FALSO
19,5,4,1,0,3,1,2,219,1,1,0,FALSO
3,1,1,0,0,0,0,0,412,0,0,0,FALSO
4,1,1,0,0,0,0,0,412,3,7,0,VERO
3,1,1,0,0,0,0,0,412,3,12,0,FALSO
3,1,0,0,0,1,2,0,157,3,12,0,FALSO
6,1,3,3,0,1,1,1,408,3,7,1,FALSO
3,1,0,0,0,1,0,0,106,2,5,0,FALSO
17,2,6,0,0,1,1,0,106,2,5,1,FALSO
78,21,27,10,1,0,0,2,408,3,7,2,VERO
3,3,0,1,0,1,1,0,412,0,0,0,FALSO
12,4,1,0,1,2,1,0,219,1,1,1,FALSO
3,1,1,0,0,0,3,0,398,2,3,0,VERO
3,1,0,1,0,1,0,0,4,2,5,0,FALSO
3,1,0,0,0,1,1,0,484,3,13,1,FALSO
11,3,0,0,0,0,1,2,4,2,5,0,FALSO
3,1,1,0,0,0,2,0,37,1,1,0,FALSO
26,5,2,1,1,1,3,2,445,1,2,4,VERO
11,2,5,0,0,0,0,0,412,3,12,0,VERO
5,1,1,0,0,1,0,2,384,1,1,0,FALSO
5,2,1,0,0,0,2,0,412,3,5,1,FALSO
3,1,0,0,0,0,1,1,328,3,6,0,FALSO
7,2,1,0,0,0,1,2,412,1,3,0,FALSO
10,2,2,0,0,1,3,3,480,1,1,0,FALSO
3,1,0,0,0,1,2,1,412,0,0,0,FALSO
5,1,0,1,0,0,1,0,219,3,4,0,VERO
3,1,0,0,0,0,1,1,328,2,8,0,FALSO
3,1,0,0,0,1,1,0,328,3,6,0,FALSO
6,1,2,0,0,1,0,1,412,2,4,0,FALSO
3,1,0,0,0,1,1,1,398,2,3,0,FALSO
55,8,5,0,3,1,2,8,445,1,2,6,VERO
25,4,7,5,0,1,0,2,152,1,3,3,FALSO
33,4,13,0,0,0,0,3,219,3,4,4,FALSO
11,2,1,0,1,1,1,2,412,3,3,1,FALSO
13,2,0,0,1,1,1,0,412,0,0,2,FALSO
9,2,0,0,0,0,3,0,412,2,4,0,FALSO
10,2,1,0,0,2,8,1,412,3,7,0,FALSO
16,5,1,0,0,0,0,2,420,3,7,0,FALSO
4,1,1,0,0,0,0,0,412,3,7,0,FALSO
3,1,0,0,0,1,1,0,412,3,12,1,VERO
7,2,1,0,0,2,0,0,412,3,12,0,VERO
3,1,0,0,0,1,0,1,412,3,3,0,FALSO
7,1,5,0,0,0,1,1,484,3,13,0,VERO
3,1,0,0,0,0,1,0,328,2,8,0,FALSO
18,3,4,5,0,0,1,1,328,3,6,1,FALSO
111,3,46,0,0,0,0,1,412,3,7,5,VERO
44,2,1,0,0,1,1,0,37,1,1,3,FALSO
9,2,0,0,0,0,0,3,328,2,8,0,FALSO
55,13,4,0,1,3,0,3,420,3,7,1,FALSO
2,1,0,0,0,0,1,0,219,3,4,0,VERO
5,1,3,0,0,0,0,0,328,2,8,0,VERO
15,1,12,0,0,0,1,10,412,3,3,0,FALSO
9,1,1,0,0,0,0,2,219,3,4,2,FALSO
16,1,13,0,0,1,2,0,328,3,6,0,FALSO
24,5,6,3,2,0,2,1,328,3,6,0,FALSO
16,4,4,0,0,2,0,1,484,3,13,2,FALSO
3,1,1,0,0,0,1,0,328,3,6,0,VERO
3,1,0,0,0,0,0,0,106,2,5,0,FALSO
4,1,2,0,0,0,1,0,216,1,1,0,FALSO
7,1,4,0,0,0,1,0,412,3,3,0,FALSO
8,1,6,0,0,0,1,0,412,3,7,0,FALSO
5,1,3,0,0,0,1,0,412,3,7,0,FALSO
3,2,0,1,0,1,2,0,412,0,0,0,FALSO
13,4,5,4,0,1,3,1,92,2,2,0,FALSO
5,2,0,0,0,0,2,0,154,1,3,0,FALSO
3,1,0,0,0,0,1,0,412,1,1,0,FALSO
48,1,0,0,0,1,3,1,328,2,8,0,FALSO
5,1,1,0,0,0,1,2,152,1,3,3,FALSO
5,1,0,0,0,0,1,4,328,3,6,0,FALSO
22,6,2,0,0,0,0,0,154,1,3,0,FALSO
64,6,8,5,1,1,1,4,4,1,3,2,FALSO
8,2,2,0,0,2,1,1,484,3,13,3,FALSO
6,2,0,0,0,2,7,1,412,3,7,0,FALSO
84,21,28,10,1,0,0,11,408,3,7,2,VERO
3,1,0,0,0,0,0,1,4,1,3,0,FALSO
5,2,0,0,0,0,0,0,445,1,2,1,VERO
1,1,0,0,0,0,2,0,219,1,1,0,FALSO
14,3,2,0,1,1,0,1,37,1,1,1,FALSO
3,2,0,0,0,1,0,1,412,3,12,0,VERO
11,1,9,0,0,0,1,0,4,1,3,0,FALSO
3,1,0,0,0,1,2,0,441,1,4,0,FALSO
26,5,5,0,1,1,0,3,157,3,12,3,FALSO
3,1,0,0,0,1,0,1,147,1,7,0,FALSO
9,2,0,0,0,0,0,1,445,1,2,0,VERO
3,1,0,0,0,0,0,1,412,3,7,0,VERO
25,6,2,0,0,3,0,1,420,3,7,4,FALSO
3,1,0,0,0,1,6,2,398,2,3,0,FALSO
64,6,8,5,1,0,1,4,4,1,3,3,FALSO
15,1,12,0,0,0,1,4,412,3,3,0,FALSO
9,2,1,0,0,2,0,0,412,3,7,1,FALSO
20,5,1,1,1,2,2,1,484,3,13,7,FALSO
16,3,6,0,0,2,4,3,219,1,1,2,FALSO
20,4,5,0,0,0,0,2,37,1,1,1,FALSO
8,2,3,0,0,0,1,1,412,2,4,0,FALSO
11,2,0,0,1,2,0,0,484,3,13,1,FALSO
5,3,0,3,0,1,1,0,412,0,0,0,FALSO
86,11,34,0,2,0,1,10,412,0,0,0,FALSO
3,1,0,0,0,1,1,0,216,1,1,0,FALSO
11,3,1,1,1,0,1,0,219,1,1,1,FALSO
3,1,0,0,0,1,4,0,484,3,13,1,FALSO
9,2,3,0,0,0,0,1,408,3,7,0,FALSO
13,1,6,0,0,0,0,3,106,2,5,0,VERO
18,7,0,1,0,6,2,0,412,3,7,0,FALSO
11,2,3,0,0,1,1,2,412,0,0,0,FALSO
3,1,1,0,0,0,3,0,328,2,8,0,VERO
11,2,3,0,1,0,0,3,398,2,3,1,FALSO
52,12,6,0,1,1,0,2,216,0,0,5,FALSO
3,1,0,0,0,1,11,0,412,3,12,0,VERO
9,1,0,0,0,0,1,0,219,3,4,0,VERO
16,2,3,2,0,1,0,3,219,1,1,2,FALSO
4,1,0,0,0,1,0,1,4,2,5,0,FALSO
3,1,0,0,0,1,2,0,408,3,7,8,FALSO
4,1,0,0,0,0,0,1,441,1,4,0,VERO
8,2,0,0,0,1,4,3,445,1,2,1,FALSO
18,5,4,0,0,4,0,0,4,0,0,2,FALSO
9,2,1,1,0,2,0,1,412,1,1,0,FALSO
7,2,2,0,0,0,0,1,412,3,7,0,FALSO
3,1,0,0,0,1,1,0,92,2,2,0,FALSO
10,2,8,0,0,0,0,0,412,3,7,0,VERO
3,1,0,0,0,1,1,0,157,3,12,0,FALSO
20,5,6,0,0,0,2,2,412,3,7,1,FALSO
16,3,3,0,0,1,0,2,412,0,0,1,FALSO
3,1,0,0,0,1,1,1,484,3,13,1,FALSO
12,1,9,0,0,0,1,0,412,3,3,0,FALSO
3,1,0,0,0,0,0,0,466,1,1,0,VERO
7,1,0,0,0,0,2,3,412,3,3,0,FALSO
10,2,2,0,0,0,2,0,412,3,7,0,FALSO
56,16,15,0,0,2,0,0,412,1,1,1,FALSO
2,1,0,0,0,0,0,0,412,1,1,0,FALSO
59,10,8,2,4,1,0,4,216,2,2,2,FALSO
5,2,0,0,0,0,4,0,412,0,0,0,FALSO
3,1,0,0,0,1,0,0,408,3,7,0,FALSO
14,3,2,1,1,1,2,3,219,1,1,1,FALSO
1,1,0,0,0,0,1,0,157,1,2,0,FALSO
3,1,0,0,0,1,2,2,484,3,13,1,FALSO
105,9,8,2,2,0,1,4,4,1,3,7,FALSO
6,1,3,0,0,0,2,0,328,3,6,0,VERO
2,1,0,0,0,0,1,0,92,2,2,0,FALSO
4,1,0,0,0,1,1,0,412,3,12,0,VERO
5,1,1,0,0,1,5,1,412,3,7,1,FALSO
6,1,4,0,0,0,1,0,4,1,3,0,FALSO
3,1,0,0,0,1,1,0,441,1,4,0,FALSO
3,1,0,0,0,1,0,1,441,1,4,0,FALSO
11,4,0,0,0,3,0,1,445,1,2,0,VERO
8,1,1,0,0,1,0,9,398,2,3,2,FALSO
6,2,1,0,0,0,2,1,412,0,0,0,FALSO
31,2,4,0,0,1,2,3,445,1,2,2,VERO
11,4,2,0,0,2,1,0,412,3,7,2,FALSO
18,1,1,0,0,0,1,1,484,3,13,0,FALSO
3,1,0,0,0,1,0,1,92,2,2,0,FALSO
13,4,0,0,0,0,0,1,445,1,2,0,VERO
5,1,0,0,0,1,0,2,412,0,0,0,FALSO
3,1,0,0,0,1,0,1,412,1,4,0,FALSO
3,1,0,0,0,1,1,0,441,1,4,0,VERO
3,1,0,0,0,0,0,16,445,1,2,0,FALSO
16,12,3,3,0,0,2,3,398,2,3,3,FALSO
26,5,5,1,1,0,2,2,4,1,3,2,FALSO
3,1,0,0,0,1,0,0,445,1,2,1,VERO
18,3,5,0,1,1,1,2,219,1,1,0,FALSO
9,2,3,0,0,1,0,0,484,3,13,0,FALSO
11,2,0,0,0,0,1,0,412,0,0,1,FALSO
4,1,0,0,0,1,0,0,441,1,4,0,VERO
18,4,2,1,0,1,1,0,484,3,13,0,FALSO
52,2,1,0,0,2,1,2,4,1,3,4,FALSO
3,1,1,0,0,0,0,0,106,2,5,0,FALSO
7,1,5,0,0,0,1,0,154,1,3,0,FALSO
4,1,1,0,0,1,1,2,92,2,2,0,FALSO
19,2,1,0,0,1,2,2,219,1,1,0,FALSO
3,1,0,0,0,1,0,0,92,2,2,0,FALSO
54,19,5,4,3,0,3,6,408,3,7,3,FALSO
5,1,1,1,0,1,0,0,4,1,3,0,FALSO
9,2,1,0,0,0,0,1,37,1,1,1,FALSO
9,2,0,0,1,0,0,3,4,1,3,5,FALSO
3,1,0,0,0,1,0,0,441,2,5,1,FALSO
3,1,0,0,0,0,0,1,480,1,1,0,FALSO
3,1,0,0,0,1,3,0,412,0,0,0,FALSO
52,10,9,4,2,2,2,14,412,2,4,12,FALSO
5,1,2,0,0,0,0,0,412,0,0,1,FALSO
3,1,0,0,0,1,0,2,398,2,3,0,FALSO
14,4,0,0,1,0,2,0,412,2,3,3,FALSO
12,3,1,0,1,1,2,0,412,2,2,0,FALSO
3,1,0,0,0,1,0,1,412,3,12,0,VERO
6,1,3,0,0,0,0,0,37,1,1,0,FALSO
23,1,0,0,0,1,0,3,412,0,0,2,FALSO
3,1,0,0,0,1,0,0,412,3,12,0,FALSO
22,3,1,0,0,0,2,0,412,1,3,6,FALSO
7,2,0,0,0,0,1,0,328,2,8,0,FALSO
5,1,1,0,0,1,1,3,412,3,7,0,FALSO
15,3,3,0,0,0,1,4,484,3,13,2,FALSO
28,7,7,0,0,1,2,2,106,2,5,0,VERO
12,1,8,0,0,1,2,0,328,3,6,1,FALSO
46,12,9,8,1,1,0,4,412,1,3,2,FALSO
3,1,0,0,0,0,0,1,412,3,12,0,FALSO
38,1,22,1,0,0,1,1,147,1,7,0,FALSO
3,1,0,0,0,1,0,0,441,1,4,1,FALSO
63,13,11,2,1,1,2,10,328,3,6,14,FALSO
3,1,0,0,0,1,0,1,412,0,0,0,FALSO
16,5,1,4,0,1,0,3,92,1,1,0,VERO
3,1,0,0,0,1,1,0,484,3,13,0,FALSO
19,5,1,0,1,0,1,2,4,1,3,1,FALSO
3,1,0,0,0,0,1,0,152,1,3,0,FALSO
13,3,0,0,0,0,0,0,37,1,1,3,FALSO
11,3,4,0,0,2,4,1,412,3,12,0,VERO
33,14,14,3,0,4,1,0,484,3,13,4,FALSO
14,6,2,0,0,0,3,2,412,3,7,0,FALSO
24,9,3,2,0,2,2,1,445,1,2,0,VERO
63,14,23,6,0,4,0,3,4,1,3,16,FALSO
18,5,4,0,0,1,1,0,412,1,3,0,FALSO
17,3,4,0,0,0,1,0,445,1,2,4,FALSO
3,1,0,0,0,1,2,1,412,3,12,0,VERO
17,3,5,1,0,0,1,6,412,3,7,1,FALSO
32,7,5,1,0,2,2,2,412,3,12,2,FALSO
116,3,44,2,0,0,0,5,4,1,3,0,FALSO
11,2,3,0,0,1,2,2,412,0,0,0,FALSO
22,1,20,0,0,0,0,0,412,0,0,0,FALSO
3,1,0,0,0,0,0,1,157,1,2,0,FALSO
14,2,8,0,0,0,1,4,328,2,8,0,FALSO
3,1,1,0,0,0,1,0,412,1,4,0,FALSO
4,1,1,0,0,0,1,0,216,0,0,0,FALSO
15,3,2,1,1,1,1,6,106,2,5,4,VERO
23,5,4,4,0,3,2,3,92,1,1,0,FALSO
7,1,5,0,0,0,1,0,398,2,3,0,VERO
28,7,6,2,0,1,0,1,441,2,5,0,FALSO
50,13,13,1,0,1,0,3,412,3,7,3,FALSO
38,5,9,0,2,1,3,2,328,2,8,0,FALSO
13,3,4,0,0,1,2,2,154,1,3,2,FALSO
3,1,0,0,0,1,15,0,445,1,2,0,VERO
8,2,0,0,0,0,2,2,445,1,2,1,VERO
13,3,1,1,1,3,4,0,219,3,4,0,FALSO
3,1,1,0,0,0,1,0,420,3,7,0,VERO
3,1,1,0,0,0,2,0,328,2,8,0,FALSO
3,1,0,0,0,0,0,0,152,1,3,0,FALSO
4,1,1,0,0,0,0,1,328,2,8,0,FALSO
3,1,0,0,0,1,0,0,480,1,1,0,FALSO
27,4,3,0,1,1,1,2,384,1,1,1,FALSO
20,7,0,0,0,0,0,0,152,1,3,0,FALSO
4,1,1,1,0,1,0,3,441,1,4,0,FALSO
9,2,1,0,0,0,0,2,445,1,2,0,FALSO
8,3,0,0,0,1,1,1,445,1,2,0,VERO
11,2,4,1,0,0,0,0,216,1,1,0,FALSO
3,1,0,0,0,0,0,0,412,3,3,0,FALSO
19,5,1,0,0,0,0,3,412,3,7,2,FALSO
5,2,0,0,0,0,1,0,408,3,7,1,FALSO
20,4,4,1,0,1,0,1,219,1,1,1,FALSO
10,1,8,0,0,0,1,0,412,2,3,0,FALSO
14,2,0,0,1,0,2,2,328,2,8,0,FALSO
35,7,7,1,0,2,2,4,445,1,2,2,FALSO
5,1,2,0,0,0,1,2,484,3,13,0,FALSO
16,4,1,2,1,1,1,2,420,3,7,0,FALSO
14,6,0,0,0,4,1,2,398,2,3,0,VERO
6,2,0,0,0,0,0,1,154,1,3,0,FALSO
4,1,2,0,0,0,1,0,219,1,1,0,FALSO
20,6,0,0,1,0,0,3,157,3,12,3,FALSO
3,1,0,0,0,1,1,0,445,1,2,0,VERO
3,1,0,1,0,1,0,0,219,3,4,0,FALSO
28,5,3,0,2,1,1,1,106,2,5,3,FALSO
9,2,0,0,0,0,0,7,328,2,8,0,FALSO
3,1,0,0,0,0,0,0,92,1,1,0,VERO
9,1,6,0,0,1,1,0,412,3,7,0,FALSO
9,2,3,0,0,1,0,1,219,3,4,0,FALSO
3,2,0,0,0,1,0,0,412,1,1,0,FALSO
4,1,1,0,0,1,0,1,37,1,1,0,FALSO
3,1,0,0,0,1,0,0,384,1,1,0,FALSO
30,8,2,0,0,0,0,0,37,1,1,1,FALSO
3,2,0,0,0,1,2,1,412,3,7,0,FALSO
4,3,0,0,0,1,1,1,484,3,13,0,FALSO
29,1,3,0,0,1,1,1,37,1,1,5,FALSO
15,3,0,0,1,3,1,2,4,1,3,0,FALSO
31,7,3,0,2,0,3,2,328,2,8,0,FALSO
18,1,1,0,0,0,1,2,484,3,13,0,FALSO
9,1,1,1,0,0,1,0,480,1,1,0,FALSO
3,1,0,0,0,1,1,2,328,3,6,0,FALSO
3,1,0,0,0,0,3,2,445,1,2,0,VERO
8,2,2,0,0,2,0,2,412,2,2,0,FALSO
4,1,1,0,0,0,1,1,412,2,3,0,FALSO
13,3,1,0,0,1,0,5,445,1,2,0,VERO
7,3,1,0,0,1,0,1,412,0,0,2,FALSO
3,1,0,0,0,0,2,1,412,3,7,0,FALSO
3,1,0,0,0,0,8,0,412,3,12,0,VERO
10,1,2,1,0,0,1,0,106,2,5,0,VERO
17,3,5,1,0,0,1,8,412,3,7,1,FALSO
85,14,25,8,1,0,0,8,466,1,1,0,VERO
27,7,9,0,0,0,1,4,412,3,12,6,FALSO
3,1,0,0,0,0,0,0,106,2,5,0,VERO
23,3,1,0,0,0,2,2,484,3,13,0,FALSO
3,1,0,0,0,0,0,0,412,1,3,0,FALSO
84,14,24,8,1,0,0,2,466,1,1,0,VERO
6,1,4,0,0,0,0,1,484,3,13,0,VERO
3,1,0,0,0,1,0,1,420,3,7,0,FALSO
9,2,0,0,0,0,3,0,412,2,3,0,FALSO
8,2,2,1,0,1,1,1,412,2,2,0,FALSO
4,1,1,0,0,0,1,0,412,3,7,0,VERO
3,1,0,0,0,0,2,0,4,1,2,0,FALSO
3,1,0,0,0,0,0,0,412,3,7,0,VERO
3,1,1,0,0,0,1,0,412,2,4,0,FALSO
6,2,0,0,0,1,0,0,466,1,1,0,VERO
4,1,1,0,0,1,0,1,484,3,13,1,FALSO
3,1,0,0,0,0,0,16,412,0,0,0,FALSO
9,2,0,0,0,0,0,8,328,2,8,0,FALSO
30,1,0,0,0,0,0,0,420,3,7,4,FALSO
14,1,0,0,0,0,1,1,420,3,7,2,VERO
3,1,0,1,0,1,3,0,412,3,3,0,FALSO
7,5,1,0,0,2,5,1,412,3,12,0,VERO
11,3,3,0,0,2,1,1,328,3,6,0,FALSO
21,6,7,3,1,0,2,0,412,3,3,0,FALSO
30,6,10,9,0,3,1,0,152,1,3,0,FALSO
3,1,0,0,0,0,0,0,480,1,1,0,FALSO
9,3,0,0,0,3,1,1,328,3,6,0,FALSO
4,1,1,0,0,1,0,1,213,2,3,0,FALSO
14,3,0,0,1,1,1,2,408,3,7,0,FALSO
3,1,0,0,0,1,1,1,412,3,7,0,FALSO
4,1,0,0,0,0,0,2,412,3,7,0,FALSO
3,2,0,1,0,1,1,0,412,3,12,0,FALSO
5,2,0,0,0,0,0,0,445,1,2,0,VERO
9,2,1,0,0,1,2,0,157,3,12,1,FALSO
3,1,0,0,0,1,1,3,4,1,3,0,FALSO
3,1,0,0,0,1,4,1,4,1,3,0,FALSO
3,1,1,0,0,0,3,0,445,1,2,0,VERO
6,2,0,0,0,1,1,0,466,1,1,0,FALSO
14,1,0,0,0,1,0,1,412,3,12,0,FALSO
3,1,0,0,0,1,1,1,412,0,0,0,FALSO
10,1,0,0,0,0,1,0,219,3,4,0,VERO
2,1,0,0,0,0,2,0,92,2,2,0,FALSO
37,1,0,0,0,1,0,1,484,3,13,2,FALSO
23,5,2,1,1,0,0,2,157,3,12,1,FALSO
10,2,2,0,0,0,0,2,412,2,3,0,FALSO
3,1,1,0,0,0,1,0,4,0,0,0,FALSO
7,1,1,0,0,2,1,0,106,2,5,4,VERO
6,2,0,1,0,0,0,0,219,3,4,0,FALSO
5,1,0,1,0,0,1,1,147,1,7,1,FALSO
7,1,1,0,0,2,0,0,412,0,0,0,FALSO
3,1,0,0,0,0,0,0,412,1,4,0,FALSO
3,1,0,0,0,0,0,2,412,0,0,0,FALSO
12,3,1,0,0,0,2,1,412,3,12,1,FALSO
26,11,0,1,0,10,2,0,412,3,7,1,FALSO
3,1,0,0,0,1,0,1,219,3,4,0,FALSO
9,2,1,0,0,2,0,0,412,3,7,0,FALSO
14,5,0,1,0,4,0,0,412,0,0,0,FALSO
25,4,5,3,1,0,0,0,219,1,1,1,FALSO
4,1,0,0,0,0,0,0,445,1,2,0,FALSO
6,2,0,0,0,0,0,2,480,1,1,0,FALSO
3,1,0,0,0,0,0,1,445,1,2,0,FALSO
3,1,0,0,0,1,1,1,384,1,1,0,FALSO
3,1,0,0,0,1,0,1,412,3,12,1,FALSO
12,4,0,0,0,0,0,0,445,1,2,0,VERO
3,1,1,0,0,0,1,0,412,0,0,0,FALSO
5,2,0,0,0,0,0,2,216,1,1,0,FALSO
23,6,1,0,1,1,2,3,154,1,3,0,FALSO
6,2,1,0,0,0,2,0,216,1,1,0,FALSO
10,2,2,0,1,0,1,2,398,2,3,0,FALSO
3,1,0,0,0,1,0,0,412,1,3,0,FALSO
13,2,7,0,0,0,1,4,328,2,8,0,FALSO
9,2,3,1,0,0,0,0,219,3,4,1,FALSO
3,1,0,0,0,1,0,1,412,3,5,0,FALSO
6,2,1,0,0,1,3,1,484,3,13,0,FALSO
20,2,8,0,1,0,0,1,480,1,1,0,FALSO
10,2,1,0,0,1,1,1,445,1,2,0,VERO
1,1,0,0,0,0,1,0,420,2,4,0,FALSO
22,5,5,0,0,0,0,2,420,3,7,1,FALSO
8,2,2,0,0,1,2,0,147,1,7,0,FALSO
111,3,46,0,0,0,0,5,412,3,7,5,VERO
16,2,11,1,0,0,1,1,25,0,0,0,FALSO
57,12,14,9,1,1,2,2,219,1,1,4,FALSO
3,1,0,1,0,0,1,0,412,3,3,0,FALSO
60,7,35,8,1,0,0,28,328,3,6,0,VERO
3,1,1,0,0,0,0,0,412,2,3,0,FALSO
38,1,22,1,0,0,0,5,147,1,7,0,FALSO
13,3,5,5,0,2,1,0,412,0,0,2,FALSO
3,1,0,0,0,1,3,1,441,1,4,0,FALSO
5,2,0,0,0,0,3,0,412,3,3,0,FALSO
3,2,0,0,0,1,1,0,412,1,1,0,FALSO
46,12,13,0,0,3,2,8,412,3,7,0,FALSO
3,1,0,0,0,1,0,0,445,1,2,0,VERO
3,1,0,0,0,1,2,0,412,3,7,0,FALSO
69,15,16,1,1,1,1,9,106,2,5,17,FALSO
8,1,1,0,0,1,0,0,445,1,2,0,VERO
4,1,0,0,0,1,1,0,412,0,0,0,FALSO
5,2,0,0,0,0,1,0,412,3,7,0,FALSO
55,12,14,5,0,1,1,0,412,1,3,12,FALSO
8,1,6,0,0,0,1,0,398,2,3,0,VERO
1,1,0,0,0,0,1,0,412,0,0,0,FALSO
13,3,0,0,0,0,0,2,412,2,3,0,FALSO
3,1,0,1,0,1,4,0,398,2,3,0,FALSO
3,1,0,1,0,0,0,1,466,1,1,0,VERO
3,1,0,0,0,0,3,0,412,1,1,0,FALSO
15,4,0,0,1,1,0,3,157,3,12,1,FALSO
28,6,2,4,1,3,0,0,420,3,7,4,FALSO
25,5,4,1,0,3,0,2,37,1,1,0,FALSO
4,1,2,0,0,0,4,0,484,3,13,0,VERO
26,6,3,1,1,3,1,2,412,3,5,1,FALSO
3,1,1,0,0,0,2,0,420,3,7,0,VERO
23,5,2,1,0,1,0,4,412,3,12,1,FALSO
3,1,0,0,0,1,3,0,4,1,3,0,FALSO
4,1,1,0,0,1,0,0,412,3,12,0,FALSO
4,1,1,1,0,0,2,0,480,0,0,0,FALSO
15,3,0,0,1,0,1,0,106,2,5,2,FALSO
3,1,0,1,0,1,0,1,441,2,5,0,FALSO
38,3,5,0,1,2,0,1,37,1,1,4,FALSO
51,13,5,1,5,0,1,2,157,3,12,10,FALSO
3,1,0,0,0,1,0,2,480,1,1,0,FALSO
8,2,1,0,0,1,1,1,445,1,2,0,FALSO
46,11,10,2,1,2,3,1,445,1,2,3,VERO
9,2,3,0,0,1,2,0,484,3,13,0,FALSO
5,1,3,0,0,0,1,0,384,1,1,0,FALSO
10,2,1,0,1,1,1,0,4,1,3,2,FALSO
3,1,0,0,0,0,0,0,412,3,12,1,FALSO
3,1,0,0,0,1,0,1,445,1,2,0,FALSO
3,1,0,0,0,1,0,0,4,0,0,0,FALSO
3,1,0,0,0,1,0,1,412,1,1,0,FALSO
3,1,0,0,0,0,0,0,412,0,0,0,FALSO
3,1,0,0,0,1,6,0,412,3,12,0,VERO
3,1,0,1,0,1,1,0,412,0,0,0,FALSO
23,6,0,0,1,0,1,1,4,1,3,1,FALSO
8,3,2,2,0,1,0,2,92,1,1,0,FALSO
111,3,46,0,0,0,0,0,412,3,7,5,VERO
4,1,2,0,0,0,0,0,412,0,0,0,FALSO
6,1,2,0,0,1,3,1,484,3,13,1,FALSO
7,1,0,0,0,0,2,4,328,3,6,2,FALSO
5,1,1,0,0,1,1,0,219,3,4,0,FALSO
3,1,0,0,0,0,0,0,37,1,1,0,FALSO
3,1,0,1,0,1,0,1,412,1,3,0,FALSO
7,4,1,0,0,2,0,0,412,3,7,0,FALSO
3,1,0,0,0,0,4,1,412,3,7,0,FALSO
7,2,1,0,0,0,1,2,157,3,12,0,FALSO
16,2,2,2,1,1,0,3,412,0,0,6,FALSO
3,1,0,0,0,1,2,0,219,3,4,0,FALSO
3,1,0,0,0,1,2,0,328,2,8,0,FALSO
19,2,7,0,1,0,0,2,480,1,1,0,FALSO
6,2,0,0,0,0,0,1,384,1,1,0,FALSO
3,1,0,0,0,1,2,2,480,1,1,0,FALSO
162,45,48,8,2,0,0,13,328,3,6,27,VERO
8,3,0,0,1,1,0,2,157,3,12,1,FALSO
17,5,2,0,0,4,0,2,384,1,1,1,FALSO
15,1,12,0,0,1,2,0,328,3,6,0,FALSO
55,14,10,8,0,0,2,15,412,3,3,3,FALSO
10,2,3,0,0,1,0,2,157,3,12,0,FALSO
16,3,2,1,0,3,0,3,412,0,0,1,FALSO
6,1,0,0,0,1,2,1,408,3,7,0,FALSO
3,1,0,0,0,0,0,0,4,2,5,0,FALSO
8,4,0,2,0,2,2,0,412,1,4,0,FALSO
13,3,2,0,1,1,0,1,37,1,1,2,FALSO
3,1,0,0,0,0,0,0,157,3,12,0,FALSO
7,2,1,1,0,1,0,1,384,1,1,0,FALSO
3,1,0,0,0,1,5,0,445,1,2,0,VERO
19,7,4,2,0,1,2,4,412,3,3,0,FALSO
17,2,5,0,0,1,0,6,412,3,7,0,FALSO
12,3,1,2,0,0,2,1,219,3,4,0,FALSO
3,1,0,0,0,1,1,1,157,3,12,0,FALSO
22,5,4,0,1,5,0,0,412,3,7,4,FALSO
9,1,2,0,0,0,0,0,484,3,13,0,FALSO
6,2,0,0,0,1,5,0,412,3,7,1,FALSO
30,2,3,0,1,2,0,1,37,1,1,2,FALSO
4,1,1,0,0,0,0,3,445,1,2,0,FALSO
19,4,0,0,1,0,0,2,157,3,12,3,FALSO
46,1,0,0,0,0,0,48,219,3,4,0,VERO
6,2,0,0,0,2,1,1,92,2,2,0,FALSO
3,1,0,0,0,1,1,1,480,1,1,0,FALSO
3,1,0,0,0,0,2,0,412,1,4,0,FALSO
6,2,0,0,0,0,0,0,398,2,3,0,FALSO
1,1,0,0,0,0,1,0,480,0,0,0,FALSO
9,3,1,1,0,1,2,0,412,1,3,2,FALSO
46,12,2,1,0,3,0,3,412,3,7,3,FALSO
3,1,0,0,0,1,0,0,328,2,8,0,FALSO
6,2,0,0,0,2,1,0,412,3,12,0,VERO
36,8,3,2,1,2,0,2,412,2,4,3,FALSO
50,11,10,3,0,0,0,3,4,1,3,1,FALSO
3,1,0,0,0,1,0,0,328,2,8,0,VERO
6,1,2,0,0,1,1,1,412,2,2,0,FALSO
5,2,0,0,0,0,4,0,92,2,2,0,FALSO
4,1,2,0,0,0,1,0,412,0,0,0,FALSO
3,1,0,0,0,1,0,1,412,2,4,0,FALSO
6,4,0,2,0,0,2,1,445,1,2,0,FALSO
3,1,0,0,0,0,1,2,328,2,8,0,FALSO
15,3,0,0,1,0,1,1,106,2,5,2,FALSO
4,1,0,0,0,1,1,0,147,1,7,0,FALSO
7,1,4,0,0,0,3,1,484,3,13,0,VERO
3,1,0,0,0,1,5,0,412,0,0,0,FALSO
5,2,0,0,0,0,3,0,408,3,7,1,FALSO
9,2,1,0,1,1,1,0,412,0,0,1,FALSO
1,1,0,0,0,0,1,0,412,3,7,0,FALSO
10,4,1,0,0,2,2,0,484,3,13,0,FALSO
3,1,0,0,0,0,0,1,384,1,1,0,FALSO
3,1,0,0,0,0,9,0,412,3,7,0,VERO
3,1,0,0,0,1,0,1,445,1,2,1,VERO
6,5,0,0,0,2,0,1,216,2,2,0,FALSO
37,5,9,0,3,1,0,6,480,1,1,1,FALSO
62,8,5,0,3,2,1,9,4,1,3,0,FALSO
2,1,0,0,0,0,0,0,412,3,7,0,FALSO
13,2,0,0,0,0,0,3,219,1,1,0,FALSO
14,2,8,0,0,0,1,3,328,2,8,0,FALSO
3,1,0,0,0,0,0,2,4,1,3,0,FALSO
14,2,10,0,0,0,2,3,152,1,3,0,FALSO
3,1,1,0,0,0,2,0,484,3,13,0,VERO
14,4,0,0,1,0,0,1,480,1,1,2,FALSO
5,3,2,0,0,1,1,2,412,1,4,0,FALSO
6,2,1,0,0,0,3,1,412,3,7,0,FALSO
6,1,2,1,0,1,0,1,412,0,0,0,FALSO
3,1,0,0,0,1,0,2,219,1,1,0,FALSO
5,2,0,0,0,0,2,0,408,3,7,1,FALSO
3,1,0,0,0,0,0,0,92,2,2,0,VERO
9,2,2,0,0,1,0,3,412,2,4,3,FALSO
12,3,0,0,1,0,2,2,445,1,2,0,VERO
57,9,7,0,4,1,1,6,25,0,0,3,FALSO
6,1,2,1,0,0,1,1,412,3,3,1,FALSO
16,4,0,0,0,0,0,0,420,3,7,4,FALSO
11,2,3,0,0,0,2,0,445,1,2,0,VERO
3,1,0,0,0,0,0,1,412,1,1,0,FALSO
46,3,11,1,0,0,0,5,92,2,2,0,VERO
3,1,0,0,0,0,0,0,147,1,7,0,FALSO
9,4,0,1,0,2,0,5,412,3,12,0,FALSO
3,1,0,0,0,0,8,1,412,1,3,0,FALSO
5,1,3,0,0,0,1,0,154,1,3,0,FALSO
112,8,13,2,1,0,0,2,216,0,0,17,FALSO
3,2,0,0,0,1,4,0,37,1,1,0,FALSO
27,5,5,1,2,3,0,0,484,3,13,0,FALSO
3,1,0,0,0,1,0,0,484,3,13,1,FALSO
20,11,2,0,0,0,2,0,412,3,12,1,FALSO
62,5,26,0,0,0,0,2,445,1,2,1,VERO
3,1,0,0,0,0,2,0,219,1,1,0,FALSO
6,1,0,3,0,0,1,0,219,3,4,0,VERO
5,1,3,0,0,0,1,0,484,3,13,0,VERO
3,1,0,1,0,1,2,1,412,3,12,0,VERO
8,2,2,0,0,1,3,1,92,2,2,0,FALSO
6,2,0,0,0,2,0,0,4,2,5,0,FALSO
17,1,1,0,0,0,0,0,37,1,1,1,FALSO
20,3,4,1,1,2,1,1,328,2,8,3,FALSO
6,1,3,0,0,0,0,0,219,1,1,0,FALSO
10,2,2,1,0,1,5,1,412,3,3,1,FALSO
13,3,2,0,0,0,0,3,412,3,7,0,FALSO
1,1,0,0,0,0,0,0,328,2,8,0,VERO
87,18,25,8,1,0,0,5,466,1,1,0,VERO
4,1,2,0,0,0,0,0,4,1,3,0,FALSO
4,1,1,0,0,0,0,3,445,1,2,1,VERO
9,2,1,0,0,2,0,0,412,2,2,3,FALSO
3,1,0,0,0,0,6,1,412,3,7,0,FALSO
3,1,0,0,0,0,0,0,484,3,13,0,VERO
3,1,0,0,0,0,3,1,412,0,0,0,FALSO
23,4,6,3,1,1,0,1,412,1,3,0,FALSO
16,4,1,0,1,0,0,2,219,1,1,1,FALSO
22,2,2,0,0,1,0,3,412,0,0,1,FALSO
2,1,0,0,0,0,0,0,213,2,3,0,FALSO
18,7,3,2,0,0,1,5,412,3,3,0,FALSO
3,1,0,0,0,1,0,0,445,1,2,0,FALSO
6,1,0,0,0,0,1,0,219,3,4,0,VERO
3,1,0,0,0,1,1,1,328,2,8,0,FALSO
79,23,7,2,0,7,0,7,412,3,5,10,FALSO
16,3,0,0,1,1,2,0,412,0,0,2,FALSO
6,1,0,1,0,0,1,0,219,3,4,0,VERO
3,1,0,0,0,0,1,1,412,3,7,0,FALSO
4,1,1,0,0,0,0,1,484,3,13,1,FALSO
3,2,0,0,0,1,0,0,92,2,2,0,FALSO
45,9,9,0,1,4,1,0,147,1,7,3,FALSO
3,2,0,0,0,1,3,0,445,1,2,0,VERO
5,1,2,0,1,0,2,1,398,2,3,0,FALSO
6,2,0,1,0,0,0,0,157,3,12,0,FALSO
6,2,2,0,0,0,0,0,441,2,5,0,FALSO
5,1,0,0,0,0,1,0,445,1,2,0,VERO
8,2,0,0,0,2,0,0,445,1,2,0,VERO
3,1,0,0,0,1,1,2,480,1,1,0,FALSO
3,1,0,0,0,1,0,4,92,2,2,0,FALSO
24,7,3,4,1,0,1,0,412,1,1,2,FALSO
3,1,1,0,0,0,0,0,219,1,1,0,FALSO
54,4,5,1,0,2,1,4,445,1,2,2,VERO
12,4,1,0,1,1,0,1,484,3,13,2,FALSO
8,3,2,1,0,0,0,0,219,1,1,0,FALSO
7,2,1,0,0,0,1,0,219,1,1,0,FALSO
3,1,0,0,0,1,2,0,408,3,7,0,FALSO
23,5,0,1,1,3,0,2,157,3,12,2,FALSO
31,6,1,0,0,1,0,1,4,1,3,7,FALSO
5,1,2,0,0,1,1,0,328,2,8,2,FALSO
1,1,0,0,0,0,2,0,420,3,7,0,FALSO
3,1,0,0,0,1,0,0,412,3,5,0,FALSO
6,3,0,0,0,2,24,2,4,1,2,0,FALSO
18,2,3,2,0,0,1,2,147,1,7,1,FALSO
5,1,0,2,0,0,0,3,412,0,0,0,FALSO
3,1,0,0,0,1,1,1,328,3,6,0,FALSO
15,4,1,1,1,2,7,5,408,3,7,0,FALSO
4,1,0,0,0,1,1,0,4,0,0,0,FALSO
1,1,0,0,0,0,0,0,219,3,4,0,FALSO
14,1,11,0,0,1,2,0,328,3,6,0,FALSO
10,2,0,0,0,0,1,0,412,0,0,0,FALSO
62,15,12,7,0,1,0,3,154,1,3,1,FALSO
13,3,0,0,0,0,0,2,445,1,2,0,VERO
3,1,0,0,0,0,1,1,484,3,13,1,FALSO
105,1,41,1,0,0,0,2,4,1,3,0,FALSO
25,4,2,2,3,0,1,0,37,1,1,0,FALSO
12,2,1,0,0,0,2,0,412,2,3,2,FALSO
3,1,1,0,0,0,1,0,412,3,5,0,VERO
1,1,0,0,0,0,0,0,420,2,4,0,FALSO
8,1,4,0,0,0,0,2,412,0,0,0,FALSO
87,20,25,3,2,1,1,1,25,0,0,12,FALSO
3,1,0,0,0,0,1,0,412,3,7,0,FALSO
3,1,0,0,0,1,10,0,445,1,2,0,FALSO
5,2,0,0,0,0,2,1,445,1,2,0,VERO
14,3,0,0,1,1,0,0,37,1,1,1,FALSO
6,1,1,1,0,1,1,0,384,1,1,2,FALSO
8,2,1,0,0,1,3,0,398,2,3,0,FALSO
10,2,4,0,0,0,0,0,154,1,3,0,FALSO
3,1,0,0,0,0,3,0,4,1,2,0,FALSO
26,5,5,1,0,3,1,2,412,1,3,1,FALSO
14,5,3,0,1,3,2,1,92,1,1,3,FALSO
14,5,0,1,1,0,0,1,106,2,5,3,FALSO
3,1,1,0,0,0,0,1,219,3,4,0,VERO
10,2,3,0,0,1,3,2,4,1,3,1,FALSO
3,1,0,0,0,0,2,0,328,3,6,0,VERO
16,1,2,0,0,0,0,48,106,2,5,0,VERO
4,1,1,0,0,1,0,0,412,3,5,0,FALSO
18,5,4,0,0,3,2,2,147,1,7,4,FALSO
6,1,2,0,0,1,1,1,445,1,2,0,VERO
16,3,0,0,1,1,1,0,412,0,0,2,FALSO
9,2,2,0,0,1,2,1,445,1,2,0,VERO
23,3,1,0,0,0,1,3,484,3,13,0,FALSO
52,12,15,0,0,2,0,9,412,3,7,3,FALSO
3,1,0,0,0,0,2,0,147,1,7,0,FALSO
14,4,0,1,0,1,0,0,441,1,4,0,FALSO
2,1,0,0,0,0,1,0,398,2,3,0,VERO
14,2,0,0,1,0,1,0,412,3,7,2,FALSO
4,2,0,0,0,1,0,0,157,3,12,0,FALSO
3,1,0,0,0,1,4,0,157,3,12,0,FALSO
7,2,0,0,0,2,1,1,412,3,5,1,FALSO
10,4,3,0,0,1,1,1,412,1,4,0,FALSO
5,3,1,0,0,1,1,0,37,1,1,0,FALSO
4,1,2,0,0,0,1,0,4,1,3,0,FALSO
5,1,2,0,0,0,1,0,412,3,12,0,VERO
83,12,13,1,4,0,1,9,4,1,3,7,FALSO
29,5,1,3,1,1,1,2,157,3,12,1,FALSO
3,1,0,0,0,1,1,0,219,1,1,1,FALSO
5,1,2,0,0,1,2,0,398,2,3,1,FALSO
25,6,1,1,1,0,1,20,408,3,7,1,FALSO
5,4,0,2,0,0,2,0,92,1,1,0,FALSO
3,1,0,0,0,0,4,0,412,1,1,0,FALSO
37,12,7,1,1,1,1,7,408,3,7,3,FALSO
3,1,0,0,0,0,1,0,328,3,6,0,FALSO
7,2,1,0,0,0,1,0,412,3,12,0,FALSO
17,2,9,0,0,0,0,8,412,3,7,0,FALSO
38,9,11,0,0,1,0,7,4,1,3,1,FALSO
7,1,1,0,0,2,0,1,412,0,0,2,FALSO
7,2,2,0,0,1,2,1,412,3,7,1,FALSO
42,11,7,1,2,0,0,5,157,3,12,11,FALSO
29,5,2,0,3,4,1,2,106,2,5,3,FALSO
4,1,1,0,0,0,1,1,106,2,5,1,FALSO
3,1,0,0,0,1,3,0,484,3,13,1,FALSO
16,3,2,0,1,1,1,0,25,0,0,1,FALSO
19,2,7,0,1,0,0,3,4,2,5,1,FALSO
8,2,0,0,0,2,0,0,441,2,5,0,FALSO
13,2,0,0,1,1,1,0,480,1,1,6,FALSO
22,2,0,0,1,0,1,0,412,3,5,3,FALSO
4,1,1,0,0,0,1,0,216,2,2,0,FALSO
4,1,0,0,0,1,2,0,412,3,12,0,VERO
30,5,1,0,1,0,0,1,219,1,1,2,FALSO
6,1,2,0,0,1,2,1,484,3,13,1,FALSO
16,3,3,0,0,1,3,7,480,1,1,0,FALSO
3,1,0,0,0,1,2,0,92,2,2,0,FALSO
23,6,1,0,0,0,0,5,420,3,7,2,FALSO
3,1,0,0,0,1,0,0,213,2,3,0,FALSO
3,1,0,0,0,0,1,1,412,3,5,0,FALSO
3,1,0,0,0,0,5,0,412,0,0,0,FALSO
25,4,1,0,1,1,0,2,157,3,12,1,FALSO
8,2,0,0,0,2,1,2,398,2,3,0,FALSO
3,1,0,0,0,0,1,1,412,3,3,0,FALSO
20,1,0,0,0,0,3,1,4,2,5,2,FALSO
4,1,1,0,0,1,0,1,412,3,3,0,FALSO
3,1,0,1,0,1,0,0,412,3,12,1,VERO
38,7,11,1,0,3,0,7,219,3,4,0,FALSO
1,1,0,0,0,0,1,0,420,3,7,0,FALSO
14,2,10,0,0,0,2,1,152,1,3,0,FALSO
4,1,2,0,0,0,0,0,412,3,7,0,VERO
34,10,7,0,0,1,1,5,106,2,5,4,VERO
9,3,0,0,0,2,1,0,4,1,3,0,FALSO
22,5,2,0,0,0,0,4,37,1,1,0,FALSO
8,1,3,3,0,1,0,1,328,2,8,0,FALSO
11,2,2,0,0,1,0,2,445,1,2,1,VERO
1,1,0,0,0,0,3,0,328,3,6,0,FALSO
6,3,0,0,0,2,0,0,412,3,5,0,FALSO
3,1,0,0,0,1,0,4,4,1,3,0,FALSO
25,5,4,1,1,3,0,2,484,3,13,0,FALSO
6,1,2,1,0,1,0,0,328,3,6,0,FALSO
21,4,1,0,1,1,1,2,412,3,7,3,FALSO
16,5,0,0,1,3,0,2,484,3,13,0,FALSO
3,1,0,0,0,0,0,0,4,1,2,0,FALSO
18,3,2,0,0,2,0,5,37,1,1,0,FALSO
6,4,0,1,0,0,1,0,466,1,1,0,VERO
3,1,0,0,0,0,0,1,106,2,5,0,FALSO
3,1,0,1,0,1,0,0,412,1,1,1,FALSO
26,5,5,1,1,0,2,6,4,1,3,2,FALSO
18,3,2,0,1,3,3,1,408,3,7,0,FALSO
19,4,2,0,1,2,1,3,412,2,4,6,FALSO
23,7,2,0,1,4,2,1,216,2,2,1,FALSO
4,1,1,0,0,0,2,1,398,2,3,0,FALSO
2,1,0,0,0,0,1,0,328,2,8,0,FALSO
11,4,1,0,0,0,1,1,445,1,2,0,VERO
3,1,0,0,0,0,0,1,154,1,3,0,FALSO
3,1,0,0,0,1,4,1,398,2,3,0,FALSO
8,3,0,0,0,2,2,0,484,3,13,0,FALSO
4,1,2,0,0,0,2,0,157,3,12,0,FALSO
8,1,5,0,0,0,0,0,412,1,3,0,VERO
86,21,30,10,1,0,0,2,408,3,7,2,VERO
3,1,0,1,0,1,0,0,412,1,1,0,FALSO
3,1,0,0,0,0,1,0,412,1,3,0,VERO
11,3,1,1,0,2,3,0,219,1,1,0,FALSO
6,1,0,0,0,0,2,2,412,3,7,0,FALSO
5,2,0,0,0,0,8,0,412,3,7,1,FALSO
18,4,6,3,0,0,1,3,4,1,3,10,FALSO
3,1,0,0,0,1,8,0,412,3,7,0,FALSO
3,1,0,0,0,1,1,1,420,3,7,3,FALSO
3,1,0,0,0,1,2,0,328,3,6,0,FALSO
8,2,0,0,0,2,0,1,219,1,1,0,FALSO
6,1,2,0,0,0,0,0,412,0,0,0,FALSO
12,3,1,0,0,0,2,2,412,3,7,1,FALSO
22,3,6,0,1,1,0,3,412,3,5,1,FALSO
3,1,0,0,0,1,1,1,412,3,3,0,FALSO
11,2,0,0,1,2,0,1,484,3,13,1,FALSO
6,1,2,0,1,1,3,2,398,2,3,1,FALSO
7,3,1,0,0,2,0,0,441,2,5,1,FALSO
3,1,0,0,0,1,0,0,106,2,5,1,FALSO
5,1,2,0,0,1,0,0,213,2,3,0,FALSO
7,1,5,0,0,0,4,0,412,1,1,0,FALSO
5,1,1,0,0,1,0,0,412,0,0,0,FALSO
4,1,0,0,0,0,0,1,412,3,7,0,FALSO
6,1,2,0,0,1,0,1,412,2,3,0,FALSO
22,2,3,1,0,2,1,0,152,1,3,1,FALSO
3,1,0,0,0,0,2,0,408,3,7,0,VERO
7,3,2,0,0,1,0,1,412,3,12,1,VERO
6,2,0,0,0,2,0,1,398,2,3,0,VERO
23,4,4,0,1,0,1,9,408,3,7,0,FALSO
12,3,4,0,0,1,0,3,441,2,5,1,FALSO
13,4,1,0,0,0,1,0,37,1,1,0,FALSO
7,3,0,0,0,0,1,1,445,1,2,0,VERO
7,3,0,0,0,2,0,1,445,1,2,0,VERO
3,1,0,0,0,1,3,0,480,1,1,0,FALSO
35,10,3,0,1,0,1,2,216,2,2,2,FALSO
3,1,0,0,0,1,1,1,4,1,3,0,FALSO
42,8,8,0,3,0,0,7,412,3,3,2,FALSO
16,2,1,0,0,1,1,3,219,1,1,0,FALSO
15,3,1,0,1,1,0,2,157,3,12,1,FALSO
49,9,11,3,2,3,2,4,219,1,1,1,FALSO
4,1,0,0,0,0,0,1,412,3,12,0,VERO
3,1,1,0,0,0,0,0,412,2,4,0,FALSO
9,4,2,1,0,1,0,0,213,2,3,0,FALSO
73,15,14,3,0,3,1,2,445,1,2,3,VERO
3,1,0,0,0,1,3,0,219,1,1,0,FALSO
23,6,2,1,1,4,0,1,484,3,13,2,FALSO
4,1,0,0,0,0,1,0,219,3,4,0,VERO
7,2,0,5,0,1,0,0,412,3,12,0,VERO
30,3,3,0,0,1,0,0,37,1,1,0,FALSO
8,1,1,0,0,0,1,0,219,3,4,0,VERO
3,1,0,0,0,1,0,1,412,0,0,2,FALSO
16,3,5,0,0,2,0,0,445,1,2,3,VERO
25,6,7,1,0,1,2,1,484,3,13,5,FALSO
3,1,0,0,0,0,2,0,328,3,6,0,FALSO
138,2,0,0,0,0,2,2,484,3,13,11,FALSO
10,2,1,0,0,0,0,1,412,3,7,1,FALSO
13,3,0,0,0,3,1,0,412,0,0,0,FALSO
4,1,1,0,0,1,3,0,445,1,2,0,VERO
3,1,0,0,0,0,0,1,412,0,0,0,FALSO
67,20,15,3,0,2,1,7,408,3,7,4,FALSO
24,4,2,1,1,4,1,2,412,3,12,3,FALSO
13,2,5,0,0,0,1,6,412,3,7,4,FALSO
9,3,0,0,0,0,1,2,412,3,3,0,FALSO
3,1,0,0,0,0,0,22,216,0,0,0,FALSO
4,1,1,0,0,1,1,0,219,1,1,1,FALSO
6,3,0,0,0,2,0,1,328,3,6,0,FALSO
5,2,0,0,0,0,2,2,412,3,3,0,FALSO
1,1,0,0,0,0,5,0,420,3,7,0,FALSO
49,9,17,4,0,0,1,6,4,1,3,13,FALSO
3,1,0,0,0,1,4,0,328,2,8,0,FALSO
7,2,1,0,0,2,2,0,219,3,4,0,FALSO
30,2,22,0,0,1,2,1,412,3,5,2,FALSO
3,1,0,4,0,0,1,0,152,1,3,0,FALSO
8,2,0,2,0,2,0,0,412,1,1,0,FALSO
16,3,2,0,0,0,2,2,412,3,5,4,FALSO
18,3,3,0,0,0,0,1,412,1,3,0,FALSO
10,2,5,0,0,0,0,0,420,3,7,0,VERO
6,1,2,0,0,1,2,2,147,1,7,0,FALSO
4,1,2,0,0,0,1,0,157,3,12,0,FALSO
5,1,1,0,0,1,0,1,412,1,1,1,FALSO
9,1,5,0,0,0,0,5,412,3,7,0,FALSO
5,1,1,0,0,1,0,0,412,3,5,0,FALSO
3,1,0,0,0,0,4,1,328,3,6,0,FALSO
3,1,0,0,0,0,1,0,147,1,7,0,FALSO
9,1,1,1,0,0,1,2,480,1,1,0,FALSO
18,3,9,1,1,0,2,0,216,1,1,0,FALSO
41,9,1,0,2,1,2,1,412,0,0,3,FALSO
2,1,0,0,0,0,3,0,92,2,2,0,FALSO
85,21,29,10,1,0,0,11,408,3,7,2,VERO
3,1,0,0,0,0,0,2,484,3,13,0,FALSO
15,4,2,1,1,3,0,0,216,0,0,4,FALSO
1,1,0,0,0,0,3,0,480,0,0,0,FALSO
4,1,2,0,0,0,1,0,412,3,7,0,VERO
3,1,0,0,0,1,3,1,157,3,12,0,FALSO
35,9,6,1,1,1,3,7,398,2,3,12,FALSO
34,7,8,0,2,2,1,3,157,3,12,4,FALSO
9,1,3,0,0,0,0,0,484,3,13,0,FALSO
56,11,17,1,1,1,1,3,154,1,3,3,FALSO
3,1,0,0,0,1,1,0,420,3,7,2,FALSO
7,3,1,0,0,2,5,0,412,3,12,0,VERO
9,2,1,0,0,2,0,0,398,2,3,0,FALSO
1,1,0,0,0,0,0,0,441,2,5,0,FALSO
3,1,0,1,0,1,0,1,412,3,12,0,VERO
6,3,0,0,0,1,0,3,412,0,0,3,FALSO
3,1,0,0,0,0,3,0,441,1,4,0,VERO
3,1,0,2,0,1,1,0,408,3,7,0,FALSO
20,3,10,0,1,2,0,0,219,3,4,6,FALSO
25,3,2,0,0,1,1,2,484,3,13,0,FALSO
6,2,0,0,0,0,2,3,408,3,7,0,FALSO
24,10,0,0,0,10,1,0,412,3,7,1,FALSO
9,3,3,0,0,0,1,3,412,1,4,0,FALSO
12,4,0,0,1,0,1,0,328,2,8,0,FALSO
6,2,1,0,0,0,2,0,412,3,12,0,FALSO
20,4,5,0,0,1,0,0,4,0,0,0,FALSO
8,2,0,0,1,2,1,0,113,2,3,1,FALSO
5,2,0,0,0,0,2,0,466,1,1,0,FALSO
4,1,0,0,0,1,0,1,412,1,1,0,FALSO
31,2,1,0,1,2,2,1,4,2,5,2,FALSO
3,1,0,0,0,1,1,0,147,1,7,0,FALSO
4,1,0,0,0,0,0,0,384,0,0,0,FALSO
27,11,1,5,1,0,1,13,412,3,12,2,VERO
3,1,0,0,0,1,0,1,213,2,3,0,FALSO
77,17,8,2,3,5,1,11,147,1,7,2,FALSO
37,8,4,1,2,7,0,4,484,3,13,0,FALSO
4,1,1,0,0,0,2,0,412,3,3,0,FALSO
19,3,8,0,0,0,0,6,412,3,7,1,FALSO
1,1,0,0,0,0,1,0,412,3,12,0,FALSO
4,1,1,0,0,0,0,0,147,1,7,0,FALSO
37,8,4,1,2,7,0,2,484,3,13,0,FALSO
57,3,6,3,1,0,1,1,219,1,1,4,FALSO
22,4,0,0,2,1,1,0,216,2,2,0,FALSO
3,1,0,0,0,0,2,1,445,1,2,0,FALSO
16,3,2,0,0,2,0,0,412,1,3,0,FALSO
21,7,3,2,1,3,3,0,216,2,2,0,FALSO
3,1,0,0,0,1,0,2,92,2,2,0,FALSO
74,35,0,0,0,35,4,35,412,1,4,1,FALSO
20,4,1,5,1,2,0,0,37,1,1,5,FALSO
4,1,0,1,0,0,0,24,216,1,1,0,FALSO
3,1,0,0,0,0,1,0,92,1,1,0,VERO
10,2,1,0,1,1,1,3,157,3,12,0,FALSO
22,3,3,1,1,3,3,3,412,3,12,2,FALSO
75,11,13,1,2,3,1,0,328,2,8,4,FALSO
3,1,0,1,0,1,1,0,412,1,1,0,FALSO
6,2,0,0,0,2,0,2,412,2,2,0,FALSO
8,1,6,0,0,0,2,0,412,1,1,0,FALSO
42,8,9,2,3,2,2,0,412,3,3,5,FALSO
5,2,1,0,0,0,0,1,445,1,2,0,VERO
17,4,0,1,0,0,0,0,37,1,1,4,FALSO
4,1,0,0,0,0,3,2,412,3,7,0,FALSO
3,1,0,0,0,0,3,0,92,2,2,0,VERO
3,1,0,0,0,1,4,0,412,3,12,0,FALSO
17,2,5,0,1,0,1,1,147,1,7,1,FALSO
8,2,2,0,0,1,0,0,384,0,0,0,FALSO
8,2,0,0,0,0,0,5,152,1,3,0,FALSO
25,5,3,0,1,2,1,4,328,3,6,3,FALSO
5,1,1,0,0,0,2,1,328,2,8,0,FALSO
19,4,1,0,1,1,2,1,408,3,7,2,FALSO
21,3,4,0,0,0,1,2,484,3,13,0,FALSO
7,2,2,1,0,0,1,1,412,3,7,0,FALSO
4,1,0,0,0,0,1,1,412,3,7,0,FALSO
59,1,3,0,0,0,1,2,412,3,7,8,FALSO
28,5,9,2,1,1,1,6,219,1,1,1,FALSO
3,1,0,1,0,0,1,0,412,0,0,0,FALSO
3,1,0,0,0,0,2,1,484,3,13,1,FALSO
4,1,0,0,0,1,0,0,4,0,0,0,FALSO
5,1,2,0,0,0,0,1,92,1,1,0,FALSO
7,2,2,0,0,0,2,1,408,3,7,0,FALSO
4,1,1,0,0,1,0,0,37,1,1,0,FALSO
3,2,0,0,0,1,1,2,480,1,1,0,FALSO
26,4,7,1,1,0,1,2,328,3,6,3,FALSO
5,2,1,0,0,0,1,1,219,3,4,0,FALSO
31,7,3,0,1,2,1,3,412,0,0,5,FALSO
3,1,0,0,0,1,0,1,441,2,5,0,FALSO
11,3,0,0,0,1,0,0,4,0,0,1,FALSO
9,3,2,0,0,1,1,0,412,3,12,0,FALSO
5,2,0,0,0,0,7,1,484,3,13,0,FALSO
3,1,0,0,0,0,2,0,412,1,1,0,FALSO
60,2,5,0,0,0,1,1,152,1,3,1,FALSO
32,10,8,0,0,1,0,2,412,3,7,1,FALSO
8,2,2,0,0,1,0,0,4,0,0,3,FALSO
12,4,0,0,0,3,0,1,412,0,0,0,FALSO
11,1,1,2,0,0,1,0,219,3,4,0,VERO
3,1,0,0,0,1,0,0,219,3,4,0,FALSO
10,3,1,0,0,1,1,1,420,3,7,3,FALSO
5,1,2,0,0,0,2,0,328,3,6,0,VERO
21,5,4,0,0,1,0,2,412,1,3,0,FALSO
14,1,12,6,0,0,0,1,412,3,12,0,VERO
13,4,3,2,0,0,4,0,466,1,1,0,FALSO
3,1,1,0,0,0,1,0,484,3,13,0,VERO
11,4,3,0,0,0,0,16,412,3,7,2,FALSO
10,1,1,0,0,0,1,0,412,3,7,0,VERO
7,1,5,0,0,0,1,0,4,1,3,0,FALSO
27,2,0,0,0,0,3,1,445,1,2,2,VERO
61,12,11,4,3,6,3,4,157,3,12,9,FALSO
1,1,0,0,0,0,2,0,412,0,0,0,FALSO
3,1,0,2,0,1,0,0,412,1,1,0,FALSO
3,1,1,0,0,0,0,0,37,1,1,0,FALSO
8,2,2,0,0,1,0,1,445,1,2,2,VERO
86,21,30,10,1,0,0,1,408,3,7,2,VERO
6,2,0,0,0,0,6,1,408,3,7,1,FALSO
5,1,2,2,0,0,0,1,328,3,6,0,FALSO
3,1,1,0,0,0,2,0,152,1,3,0,FALSO
9,2,0,0,0,2,0,1,412,3,7,0,FALSO
69,12,20,5,2,0,3,0,216,0,0,7,FALSO
5,1,1,0,0,0,0,34,4,1,3,0,FALSO
5,1,3,0,0,0,2,0,412,3,12,0,VERO
3,1,0,0,0,0,1,1,445,1,2,0,FALSO
1,1,0,0,0,0,2,0,480,0,0,0,FALSO
5,1,3,0,0,0,1,0,219,1,1,0,FALSO
3,1,0,0,0,1,2,2,219,1,1,0,FALSO
16,3,3,0,2,3,1,0,219,1,1,0,FALSO
11,5,0,0,0,0,0,1,154,1,3,0,FALSO
8,2,0,0,1,1,2,2,398,2,3,0,FALSO
9,1,0,0,1,0,0,0,412,3,7,0,FALSO
9,2,1,1,1,0,0,4,157,3,12,1,FALSO
55,11,5,1,1,2,0,0,157,3,12,1,FALSO
4,1,0,0,0,1,0,1,412,0,0,0,FALSO
10,3,2,0,0,0,3,2,412,3,7,1,FALSO
8,1,4,0,0,0,0,0,412,1,1,0,FALSO
7,2,1,0,0,1,0,1,113,2,3,0,FALSO
6,2,1,0,0,1,2,1,484,3,13,0,FALSO
24,10,0,0,0,10,6,11,412,1,1,1,FALSO
6,4,0,0,0,0,2,1,408,3,7,1,FALSO
3,1,0,0,0,1,2,0,216,1,1,0,FALSO
10,1,8,0,0,0,0,0,152,1,3,0,FALSO
16,3,3,2,0,3,2,2,219,3,4,1,FALSO
17,5,7,0,0,0,0,2,412,3,7,3,FALSO
13,4,0,0,0,2,3,1,445,1,2,0,VERO
7,1,4,0,0,0,0,1,484,3,13,0,VERO
25,6,6,2,0,0,1,4,484,3,13,4,FALSO
4,1,1,1,0,0,1,1,412,3,3,0,FALSO
3,1,1,0,0,0,2,0,412,3,7,0,VERO
12,2,7,4,0,1,1,0,216,1,1,0,FALSO
6,2,0,0,0,0,0,0,441,2,5,0,VERO
4,2,0,0,0,1,0,1,412,1,3,0,FALSO
16,3,3,2,0,3,1,2,412,0,0,1,FALSO
3,1,0,1,0,1,0,0,441,1,4,0,FALSO
80,21,18,10,0,0,1,3,412,3,3,1,FALSO
6,1,1,0,0,1,3,0,216,2,2,0,FALSO
7,2,1,0,0,0,3,3,412,3,7,0,FALSO
3,1,1,0,0,0,1,0,480,1,1,0,FALSO
7,1,4,0,0,0,0,5,219,1,1,0,FALSO
5,1,1,0,0,1,1,0,398,2,3,0,FALSO
7,2,1,0,0,1,1,0,484,3,13,0,FALSO
30,1,1,0,0,0,1,1,484,3,13,2,FALSO
3,1,0,0,0,0,2,1,328,2,8,0,FALSO
35,9,2,0,0,0,0,0,420,3,7,1,FALSO
10,3,0,0,1,0,0,0,37,1,1,1,FALSO
3,1,0,0,0,0,0,1,484,3,13,0,FALSO
8,1,0,0,0,0,1,0,219,3,4,0,VERO
11,2,1,1,0,0,1,1,4,1,3,0,FALSO
138,15,40,13,0,0,0,7,216,1,1,19,FALSO
53,6,5,0,0,3,0,1,420,3,7,2,FALSO
3,1,0,0,0,1,0,1,219,1,1,0,FALSO
5,1,2,0,0,0,0,0,480,0,0,0,FALSO
8,2,4,0,0,1,7,1,412,3,12,0,VERO
10,4,0,0,0,3,1,1,412,2,4,0,FALSO
3,1,0,0,0,0,2,1,398,2,3,0,FALSO
19,3,6,2,1,1,0,0,37,1,1,1,FALSO
3,1,0,0,0,0,27,0,4,1,2,0,FALSO
26,2,4,0,0,1,1,2,445,1,2,2,VERO
27,6,1,0,2,1,0,2,4,2,5,2,FALSO
9,2,2,0,0,1,0,0,384,0,0,1,FALSO
4,1,0,0,0,0,0,5,4,1,3,0,FALSO
3,1,0,0,0,1,9,0,328,3,6,0,FALSO
3,1,0,0,0,1,1,0,219,1,1,0,FALSO
66,3,8,0,1,2,0,1,420,3,7,7,FALSO
3,1,0,0,0,1,8,0,412,0,0,0,FALSO
11,3,0,2,0,2,0,3,412,0,0,4,FALSO
4,1,0,0,0,1,0,0,482,2,3,0,FALSO
8,1,5,0,0,0,1,0,482,2,3,0,FALSO
3,1,0,0,0,1,0,0,482,2,3,0,FALSO
3,1,0,0,0,1,3,0,482,2,3,0,FALSO
3,1,0,1,0,0,3,0,550,0,0,0,FALSO
3,1,0,0,0,1,0,1,398,0,0,0,FALSO
31,6,12,3,0,0,0,4,504,0,0,0,FALSO
5,1,0,0,0,1,0,0,482,2,3,0,FALSO
3,1,0,0,0,1,0,1,515,0,0,2,FALSO
15,5,3,1,0,0,2,2,504,0,0,0,FALSO
60,1,0,0,0,0,1,0,515,0,0,0,FALSO
3,1,0,0,0,1,2,0,482,2,3,0,FALSO
3,1,0,0,0,1,0,0,482,0,0,0,FALSO
9,3,1,2,0,1,2,0,504,0,0,0,FALSO
3,1,0,1,0,1,2,0,504,0,0,0,FALSO
5,1,1,0,0,1,1,1,482,2,3,1,FALSO
30,6,4,7,1,0,2,2,482,0,0,0,FALSO
18,3,3,0,0,0,0,3,42,1,1,1,FALSO
16,1,0,0,0,0,7,0,482,2,3,2,FALSO
18,5,1,0,1,0,1,0,42,1,1,1,FALSO
4,1,0,0,0,0,0,2,550,0,0,0,FALSO
6,2,0,0,0,1,0,1,328,2,8,0,FALSO
3,1,0,0,0,1,3,0,515,0,0,0,FALSO
3,1,0,0,0,1,1,0,482,2,3,0,FALSO
3,1,0,0,0,1,0,0,550,0,0,0,FALSO
3,1,0,1,0,1,0,0,482,2,3,0,FALSO
3,1,0,0,0,1,4,0,482,2,3,0,FALSO
3,1,0,0,0,1,0,0,504,0,0,0,FALSO
3,1,0,0,0,0,0,1,147,1,7,0,VERO
24,3,4,1,0,0,1,3,482,2,3,2,FALSO
11,4,0,0,0,0,8,2,482,2,3,0,FALSO
26,6,7,2,0,0,0,2,482,0,0,0,FALSO
8,2,4,0,0,1,14,1,482,2,3,0,FALSO
4,1,0,0,0,0,0,3,550,0,0,0,FALSO
4,1,1,3,0,1,1,0,482,2,3,0,FALSO
25,5,4,1,0,1,2,3,550,0,0,6,FALSO
24,5,5,1,2,2,0,0,484,3,13,1,VERO
3,2,0,0,0,1,4,1,515,0,0,1,FALSO
14,3,2,0,1,1,1,0,25,0,0,1,FALSO
3,1,0,0,0,0,0,0,482,2,3,0,FALSO
47,6,4,0,2,3,0,2,515,0,0,0,FALSO
1,1,0,0,0,0,1,0,398,0,0,0,FALSO
3,1,1,0,0,0,1,0,482,2,3,0,FALSO
3,1,0,0,0,0,0,5,484,3,13,0,FALSO
3,1,0,0,0,1,1,0,550,0,0,3,FALSO
3,1,0,0,0,1,2,0,504,0,0,0,FALSO
3,1,0,1,0,0,5,0,484,3,13,0,VERO
3,1,0,0,0,1,9,0,482,2,3,0,FALSO
3,1,1,0,0,0,0,0,515,0,0,0,FALSO
3,1,0,0,0,0,1,0,504,0,0,0,FALSO
25,4,3,4,1,1,0,2,482,0,0,0,FALSO
3,1,0,0,0,1,0,0,504,0,0,4,FALSO
1,1,0,0,0,0,0,0,504,0,0,0,FALSO
3,1,0,1,0,1,1,0,482,2,3,0,FALSO
3,1,0,0,0,1,1,1,482,2,3,0,FALSO
3,1,0,0,0,0,0,0,504,0,0,0,FALSO
4,1,1,0,0,1,2,0,42,1,1,0,FALSO
3,1,0,0,0,1,0,4,515,0,0,0,FALSO
24,6,7,2,0,3,1,1,515,0,0,1,FALSO
24,1,0,0,0,1,2,0,550,0,0,0,FALSO
48,8,7,2,1,1,0,4,216,2,2,7,FALSO
9,2,1,0,0,0,0,2,515,0,0,2,FALSO
3,1,0,0,0,0,5,1,482,0,0,0,FALSO
3,1,0,0,0,1,0,1,504,0,0,0,FALSO
8,2,0,0,0,0,0,2,328,2,8,0,FALSO
36,8,1,3,1,3,0,3,147,1,7,2,FALSO
6,2,0,0,0,0,1,0,515,0,0,0,FALSO
22,4,1,0,1,1,3,1,398,0,0,1,FALSO
7,1,5,0,0,0,2,0,370,0,0,0,VERO
3,1,0,0,0,0,0,1,482,2,3,0,FALSO
5,1,0,0,0,0,0,2,482,2,3,0,FALSO
24,3,0,0,1,0,2,1,370,0,0,1,FALSO
11,3,1,0,1,0,2,1,398,0,0,0,FALSO
9,1,5,0,0,0,0,6,482,2,3,0,FALSO
31,9,11,2,0,2,2,6,550,0,0,3,FALSO
5,2,0,0,0,0,1,0,504,0,0,0,FALSO
4,1,1,0,0,0,0,0,550,0,0,1,FALSO
59,9,6,0,1,2,1,11,482,2,3,1,FALSO
128,3,47,2,0,0,0,3,4,1,3,0,VERO
3,2,0,0,0,1,0,1,398,0,0,1,FALSO
12,3,4,0,0,1,0,0,441,2,5,2,VERO
25,7,5,0,0,2,5,1,398,0,0,2,FALSO
3,1,0,0,0,1,2,1,550,0,0,0,FALSO
7,2,0,0,0,2,2,0,482,2,3,0,FALSO
3,1,0,0,0,1,3,1,484,3,13,0,FALSO
3,1,0,0,0,0,1,0,408,3,7,0,FALSO
4,2,1,0,0,1,0,0,515,0,0,0,FALSO
5,1,1,0,0,1,0,1,515,0,0,0,FALSO
101,14,38,0,1,1,1,2,106,2,5,15,VERO
37,8,5,0,1,2,3,2,482,2,3,1,FALSO
8,1,2,0,0,1,0,0,550,0,0,0,FALSO
3,1,0,0,0,1,0,0,398,0,0,0,FALSO
148,24,14,2,4,5,0,10,484,3,13,9,FALSO
24,7,7,3,0,1,1,4,398,0,0,2,FALSO
37,7,1,1,3,1,3,0,147,1,7,2,FALSO
48,6,29,8,0,0,2,6,328,3,6,0,VERO
7,3,1,0,0,0,0,1,482,2,3,1,FALSO
26,7,6,1,0,2,1,1,370,0,0,0,FALSO
3,1,0,0,0,1,0,1,482,2,3,0,FALSO
8,2,0,0,1,1,2,2,504,0,0,0,FALSO
34,5,1,0,3,1,0,11,4,1,3,0,FALSO
3,1,0,0,0,0,0,0,398,0,0,0,FALSO
21,1,13,7,0,0,3,3,157,3,12,0,VERO
3,1,0,0,0,1,1,2,550,0,0,0,FALSO
3,1,0,0,0,0,0,1,328,2,8,0,FALSO
13,2,2,0,0,0,2,1,482,2,3,0,FALSO
18,4,2,0,1,1,1,0,550,0,0,0,FALSO
28,3,5,0,0,1,2,2,515,0,0,3,FALSO
11,1,1,0,0,0,1,0,482,2,3,0,FALSO
13,1,10,0,0,1,2,0,398,0,0,0,FALSO
2,1,0,0,0,0,0,0,550,0,0,0,FALSO
19,5,4,1,0,3,1,2,504,0,0,0,FALSO
4,1,1,0,0,0,0,0,482,2,3,0,FALSO
84,21,28,10,1,0,0,1,408,3,7,2,VERO
12,4,1,0,1,2,1,0,504,0,0,1,FALSO
24,4,2,1,1,1,3,2,515,0,0,3,FALSO
3,1,0,0,0,0,2,1,398,0,0,0,FALSO
3,1,0,0,0,1,1,0,398,0,0,0,FALSO
51,7,5,0,3,1,2,8,515,0,0,4,FALSO
18,3,4,1,0,1,0,2,370,0,0,2,FALSO
21,4,3,0,1,1,1,1,550,0,0,0,FALSO
3,1,0,0,0,0,1,1,482,0,0,0,FALSO
6,1,4,0,0,0,0,1,482,0,0,0,FALSO
10,2,1,0,0,2,8,1,482,2,3,0,FALSO
3,1,0,0,0,1,1,0,482,2,3,1,FALSO
7,2,1,0,0,2,0,0,482,2,3,0,FALSO
10,2,6,0,0,0,0,0,482,0,0,0,FALSO
13,2,1,0,0,1,3,1,550,0,0,2,FALSO
18,3,4,5,0,0,1,1,398,0,0,1,FALSO
24,5,6,3,2,0,2,1,398,0,0,0,FALSO
3,1,1,0,0,0,1,0,398,0,0,0,FALSO
4,1,2,0,0,0,1,0,216,1,1,0,VERO
8,1,6,0,0,0,1,0,482,2,3,0,FALSO
5,1,3,0,0,0,1,0,482,2,3,0,FALSO
4,1,0,0,0,0,0,0,482,0,0,0,FALSO
48,1,0,0,0,1,2,0,328,2,8,0,FALSO
5,1,1,0,0,0,1,2,370,0,0,3,FALSO
5,1,0,0,0,0,2,4,398,0,0,0,FALSO
6,2,0,0,0,2,7,1,482,2,3,0,FALSO
3,1,0,0,0,0,0,1,4,1,3,0,VERO
5,2,0,0,0,0,0,0,515,0,0,1,FALSO
9,2,0,0,1,2,0,2,219,1,1,1,FALSO
3,2,0,0,0,1,0,1,482,2,3,0,FALSO
29,3,7,0,1,0,0,2,550,0,0,4,FALSO
11,1,9,0,0,0,1,0,4,1,3,0,VERO
9,2,0,0,0,0,0,1,515,0,0,0,FALSO
4,1,0,0,0,1,1,0,482,2,3,0,FALSO
26,3,7,0,1,1,0,0,550,0,0,7,FALSO
3,2,0,2,0,1,0,0,42,1,1,0,FALSO
9,2,1,0,0,2,0,0,482,2,3,1,FALSO
16,3,6,0,0,2,4,3,504,0,0,2,FALSO
3,1,0,0,0,0,0,2,550,0,0,0,FALSO
19,6,2,2,0,3,1,0,550,0,0,0,FALSO
11,3,1,1,1,0,1,0,504,0,0,1,FALSO
18,7,0,1,0,6,2,0,482,2,3,0,FALSO
3,1,1,0,0,0,0,0,328,2,8,0,VERO
3,1,0,0,0,1,15,0,482,2,3,0,FALSO
16,2,3,2,0,1,0,5,504,0,0,2,FALSO
3,1,0,0,0,1,0,0,408,3,7,8,FALSO
8,2,0,0,0,1,4,3,515,0,0,1,FALSO
7,2,2,0,0,0,0,1,482,2,3,0,FALSO
10,2,8,0,0,0,0,0,482,2,3,0,FALSO
20,5,6,0,0,0,2,2,482,2,3,1,FALSO
10,2,2,0,0,0,2,0,482,2,3,0,FALSO
53,15,14,0,0,2,0,0,412,1,1,1,FALSO
14,3,2,1,1,1,2,3,504,0,0,1,FALSO
6,1,3,0,0,0,1,0,328,3,6,0,VERO
5,1,1,0,0,1,5,1,482,2,3,1,FALSO
6,1,4,0,0,0,1,0,4,1,3,0,VERO
13,1,0,0,0,1,0,0,42,1,1,0,FALSO
11,4,0,0,0,3,0,1,515,0,0,0,FALSO
31,2,4,0,0,1,2,3,515,0,0,2,FALSO
11,4,2,0,0,2,1,0,482,2,3,2,FALSO
1,1,0,0,0,0,4,0,482,0,0,0,FALSO
4,1,0,0,0,0,0,16,515,0,0,0,FALSO
3,1,0,0,0,1,0,0,515,0,0,1,FALSO
4,1,2,0,0,0,1,0,482,0,0,0,FALSO
18,3,5,0,1,1,1,2,504,0,0,0,FALSO
26,5,5,1,0,0,2,1,550,0,0,0,FALSO
43,19,5,3,1,0,3,4,408,3,7,3,FALSO
4,1,0,0,0,0,1,2,482,0,0,0,FALSO
62,1,1,0,0,0,2,0,42,1,1,4,FALSO
3,1,0,0,0,0,1,0,42,1,1,0,FALSO
18,7,5,1,0,0,1,6,550,0,0,2,FALSO
7,2,0,0,0,0,0,0,328,2,8,0,FALSO
5,1,1,0,0,1,1,3,482,2,3,0,FALSO
15,3,3,0,0,0,1,4,484,3,13,3,FALSO
34,10,7,0,0,1,2,0,106,2,5,4,VERO
12,1,8,0,0,1,2,0,398,0,0,1,FALSO
3,1,0,0,0,0,0,35,550,0,0,2,FALSO
38,1,22,1,0,0,0,1,147,1,7,0,VERO
3,1,0,0,0,1,0,1,550,0,0,1,FALSO
8,1,2,0,0,1,0,2,482,0,0,0,FALSO
63,13,11,2,1,1,3,10,398,0,0,14,FALSO
5,1,0,1,0,1,0,1,482,0,0,0,FALSO
4,1,0,0,0,1,0,0,42,1,1,0,FALSO
11,3,4,0,0,2,6,1,482,2,3,0,FALSO
14,6,2,0,0,0,3,2,482,2,3,0,FALSO
24,9,3,2,0,2,2,1,515,0,0,0,FALSO
17,3,4,0,0,0,1,0,515,0,0,4,FALSO
17,3,5,1,0,0,1,6,482,2,3,1,FALSO
116,3,44,2,0,0,0,5,4,1,3,0,VERO
8,1,1,1,0,1,1,0,550,0,0,4,FALSO
3,1,0,0,0,1,5,0,482,2,3,0,FALSO
15,3,2,1,1,1,1,2,106,2,5,4,VERO
55,15,14,1,0,1,0,3,482,2,3,4,FALSO
38,5,9,0,2,1,1,0,328,2,8,0,FALSO
3,1,0,0,0,1,15,0,515,0,0,0,FALSO
8,2,0,0,0,0,2,2,515,0,0,1,FALSO
58,7,16,0,1,0,2,5,42,1,1,0,FALSO
3,1,1,0,0,0,0,0,328,2,8,0,FALSO
3,1,0,0,0,0,0,0,370,0,0,0,VERO
4,1,1,0,0,0,0,0,328,2,8,0,FALSO
3,1,0,0,0,1,1,0,42,1,1,0,FALSO
20,7,0,0,0,0,0,0,370,0,0,0,FALSO
9,2,1,0,0,0,0,2,515,0,0,0,FALSO
8,3,0,0,0,1,1,1,515,0,0,0,FALSO
19,5,1,0,0,0,0,3,482,2,3,2,FALSO
5,2,0,0,0,0,0,0,408,3,7,1,FALSO
20,4,4,1,0,1,0,1,504,0,0,1,FALSO
14,2,0,0,1,0,0,1,328,2,8,0,FALSO
35,7,7,1,0,2,2,4,515,0,0,2,FALSO
4,1,2,0,0,0,1,0,504,0,0,0,FALSO
3,1,0,0,0,1,1,0,515,0,0,0,FALSO
9,2,0,0,0,0,0,6,328,2,8,0,FALSO
4,1,1,0,0,1,0,0,550,0,0,1,FALSO
3,2,0,0,0,1,2,1,482,2,3,0,FALSO
31,7,3,0,2,0,2,0,328,2,8,0,FALSO
5,1,1,0,0,1,1,0,482,2,3,3,FALSO
3,1,0,0,0,1,1,2,398,0,0,0,FALSO
3,1,0,0,0,0,3,2,515,0,0,0,FALSO
13,3,1,0,0,1,0,5,515,0,0,0,FALSO
1,1,0,0,0,0,1,0,482,0,0,0,FALSO
3,1,0,0,0,0,2,1,482,2,3,0,FALSO
3,1,0,0,0,0,9,0,482,2,3,0,FALSO
4,1,1,0,0,0,1,0,482,2,3,0,FALSO
4,1,1,0,0,1,0,1,550,0,0,1,FALSO
7,5,1,0,0,2,5,1,482,2,3,0,FALSO
7,2,3,0,0,1,0,1,550,0,0,0,FALSO
11,3,3,0,0,2,1,1,398,0,0,0,FALSO
30,6,10,9,0,3,1,0,370,0,0,0,FALSO
9,3,0,0,0,3,1,1,398,0,0,0,FALSO
14,3,0,0,1,1,0,0,408,3,7,0,FALSO
4,1,0,0,0,0,0,2,482,2,3,0,FALSO
5,2,0,0,0,0,0,0,515,0,0,0,FALSO
3,1,1,0,0,0,3,0,515,0,0,0,FALSO
8,2,0,0,1,1,0,1,484,3,13,2,FALSO
9,2,1,0,0,0,2,0,482,0,0,1,FALSO
26,11,0,1,0,10,2,0,482,2,3,1,FALSO
9,2,1,0,0,2,0,0,482,2,3,0,FALSO
25,4,5,3,1,0,0,2,504,0,0,1,FALSO
4,1,0,0,0,0,0,0,515,0,0,0,FALSO
3,1,0,0,0,0,0,1,515,0,0,0,FALSO
12,4,0,0,0,0,0,0,515,0,0,0,FALSO
10,2,1,0,0,1,1,1,515,0,0,0,FALSO
3,1,0,0,0,0,0,0,482,0,0,0,FALSO
16,2,11,0,0,0,0,0,25,0,0,0,FALSO
7,2,1,0,0,0,0,0,42,1,1,0,FALSO
57,12,14,9,1,1,2,2,504,0,0,4,FALSO
19,5,1,1,0,1,1,3,550,0,0,2,FALSO
21,4,2,0,1,2,1,0,550,0,0,1,FALSO
9,2,1,0,0,2,2,1,550,0,0,0,FALSO
48,6,29,8,0,0,1,29,398,0,0,0,FALSO
18,7,3,2,0,0,1,0,550,0,0,0,FALSO
38,1,22,1,0,0,0,5,147,1,7,0,VERO
46,12,13,0,0,3,2,8,482,2,3,0,FALSO
3,1,0,0,0,1,0,0,515,0,0,0,FALSO
75,16,18,1,1,1,1,1,106,2,5,19,FALSO
8,1,1,0,0,1,0,0,515,0,0,0,FALSO
5,2,0,0,0,0,1,0,482,2,3,0,FALSO
10,3,0,0,0,0,1,0,550,0,0,0,FALSO
4,1,1,1,0,0,2,0,550,0,0,0,FALSO
7,2,1,0,0,1,0,0,42,1,1,0,FALSO
51,13,5,1,5,0,1,2,157,3,12,9,FALSO
8,2,1,0,0,1,1,1,515,0,0,0,FALSO
46,11,10,2,1,2,3,1,515,0,0,3,FALSO
3,1,0,0,0,1,0,1,515,0,0,0,FALSO
3,1,0,0,0,1,8,0,482,2,3,0,FALSO
111,3,46,0,0,0,0,1,482,2,3,5,FALSO
88,8,3,0,0,0,1,0,42,1,1,9,FALSO
7,1,0,0,0,0,2,5,398,0,0,2,FALSO
5,1,1,0,0,1,1,0,219,3,4,0,VERO
46,15,6,2,1,6,0,4,550,0,0,0,FALSO
22,3,6,0,1,1,0,0,550,0,0,3,FALSO
7,5,1,0,0,2,0,0,482,2,3,0,FALSO
3,1,0,0,0,0,4,1,482,2,3,0,FALSO
158,45,46,8,2,0,0,14,398,0,0,27,FALSO
6,1,0,0,0,1,1,1,408,3,7,0,FALSO
18,7,5,1,0,0,1,0,550,0,0,2,FALSO
3,1,0,0,0,1,5,0,515,0,0,0,FALSO
9,2,1,0,0,0,1,0,42,1,1,1,FALSO
17,2,5,0,0,1,0,6,482,2,3,0,FALSO
14,5,0,1,0,4,0,0,482,0,0,0,FALSO
22,5,4,0,1,5,0,0,482,2,3,4,FALSO
6,2,0,0,0,1,5,0,482,2,3,1,FALSO
4,1,1,0,0,0,0,3,515,0,0,0,FALSO
25,5,3,2,0,1,0,3,482,0,0,4,FALSO
6,1,0,0,0,0,0,6,550,0,0,0,FALSO
46,12,2,1,0,3,0,3,482,2,3,3,FALSO
6,2,0,0,0,2,1,0,482,2,3,0,FALSO
50,8,12,1,1,0,1,8,550,0,0,8,FALSO
6,4,0,2,0,0,2,1,515,0,0,0,FALSO
3,1,0,0,0,0,0,0,550,0,0,0,FALSO
1,1,0,0,0,0,2,0,328,2,8,0,FALSO
10,4,1,0,0,2,1,0,484,3,13,0,FALSO
6,4,0,0,0,1,0,1,550,0,0,0,FALSO
3,1,0,0,0,1,4,0,550,0,0,0,FALSO
3,1,0,0,0,1,0,1,515,0,0,1,FALSO
3,1,0,0,0,1,0,1,216,2,2,0,FALSO
76,10,5,0,4,4,1,9,4,1,3,0,FALSO
13,2,0,0,0,0,0,5,504,0,0,0,FALSO
3,1,0,0,0,0,0,2,4,1,3,0,VERO
6,2,1,0,0,0,3,1,482,2,3,0,FALSO
3,1,0,0,0,1,0,2,504,0,0,0,FALSO
12,3,0,0,1,0,2,2,515,0,0,0,FALSO
4,1,0,0,0,0,0,8,550,0,0,0,FALSO
63,11,7,0,4,1,1,4,25,0,0,4,FALSO
11,2,3,0,0,0,2,0,515,0,0,0,FALSO
3,1,0,0,0,0,0,0,147,1,7,0,VERO
27,5,5,1,2,3,0,0,484,3,13,0,VERO
25,5,4,0,1,5,0,0,42,1,1,4,FALSO
62,5,26,0,0,0,0,2,515,0,0,1,FALSO
3,1,0,0,0,0,2,0,504,0,0,0,FALSO
21,5,0,0,1,1,2,0,42,1,1,3,FALSO
3,1,0,1,0,1,2,1,482,2,3,0,FALSO
20,3,4,1,1,2,0,1,328,2,8,3,FALSO
6,1,3,0,0,0,0,0,504,0,0,0,FALSO
13,3,2,0,0,0,0,3,482,2,3,0,FALSO
4,1,2,0,0,0,0,0,4,1,3,0,VERO
4,1,1,0,0,0,0,3,515,0,0,1,FALSO
3,1,0,0,0,0,6,1,482,2,3,0,FALSO
16,4,1,0,1,0,0,3,504,0,0,1,FALSO
3,1,0,0,0,1,0,1,328,2,8,0,FALSO
5,2,0,0,0,0,0,0,550,0,0,0,FALSO
3,1,0,0,0,0,1,1,482,2,3,0,FALSO
3,1,0,0,0,0,0,0,42,1,1,1,FALSO
3,2,0,0,0,1,3,0,515,0,0,0,FALSO
5,3,0,0,0,0,0,0,157,3,12,1,FALSO
5,1,0,0,0,0,1,0,515,0,0,0,FALSO
8,2,0,0,0,2,0,0,515,0,0,0,FALSO
3,1,1,0,0,0,0,0,504,0,0,0,FALSO
54,4,5,1,0,2,1,4,515,0,0,2,FALSO
8,3,2,1,0,0,1,0,504,0,0,0,FALSO
7,2,1,0,0,0,1,0,504,0,0,0,FALSO
5,1,2,0,0,1,0,0,328,2,8,2,FALSO
7,2,1,0,0,2,0,2,550,0,0,1,FALSO
3,1,0,0,0,1,1,1,398,0,0,0,FALSO
15,4,1,1,1,2,3,4,408,3,7,0,FALSO
13,3,0,0,0,0,0,2,515,0,0,0,FALSO
128,3,47,2,0,0,0,2,4,1,3,0,VERO
17,2,3,0,1,0,0,3,550,0,0,2,FALSO
87,20,25,3,2,1,0,1,25,0,0,12,FALSO
3,1,0,0,0,0,1,0,482,2,3,0,FALSO
3,1,0,0,0,1,10,0,515,0,0,0,FALSO
72,15,16,6,1,0,0,7,550,0,0,4,FALSO
5,2,0,0,0,0,2,1,515,0,0,0,FALSO
17,1,2,0,0,0,0,42,106,2,5,0,VERO
6,1,2,0,0,1,1,1,515,0,0,0,FALSO
3,1,0,0,0,1,1,0,550,0,0,0,FALSO
9,2,2,0,0,1,2,1,515,0,0,0,FALSO
3,1,0,0,0,0,1,3,484,3,13,0,FALSO
52,12,15,0,0,2,0,9,482,2,3,3,FALSO
14,2,0,0,1,0,1,0,482,2,3,2,FALSO
9,1,6,0,0,1,1,0,482,2,3,0,FALSO
4,1,2,0,0,0,1,0,4,1,3,0,VERO
3,1,0,0,0,1,1,0,504,0,0,1,FALSO
37,12,7,1,1,0,1,2,408,3,7,3,FALSO
10,2,1,0,0,1,2,0,482,0,0,0,FALSO
7,2,3,0,0,1,0,4,550,0,0,1,FALSO
37,12,7,1,1,1,1,1,408,3,7,3,FALSO
8,2,2,0,0,0,1,0,398,0,0,0,FALSO
17,2,9,0,0,0,0,8,482,2,3,0,FALSO
3,2,0,0,0,1,0,0,482,0,0,0,FALSO
7,2,2,0,0,1,2,1,482,2,3,1,FALSO
4,1,1,0,0,0,0,1,106,2,5,1,FALSO
3,1,0,0,0,1,2,0,484,3,13,1,FALSO
38,7,5,0,1,0,1,1,550,0,0,1,FALSO
4,1,0,0,0,1,2,0,482,2,3,0,FALSO
30,5,1,0,1,0,0,2,504,0,0,2,FALSO
3,1,0,1,0,1,0,0,482,2,3,1,FALSO
4,1,2,0,0,0,0,0,482,2,3,0,FALSO
17,4,1,0,0,2,1,0,4,1,3,0,FALSO
11,2,2,0,0,1,0,2,515,0,0,1,FALSO
1,1,0,0,0,0,3,0,398,0,0,0,FALSO
3,1,0,0,0,1,0,2,4,1,3,0,FALSO
29,1,0,0,0,1,0,2,484,3,13,1,VERO
21,4,1,0,1,1,1,2,482,2,3,3,FALSO
18,3,2,0,1,3,1,0,408,3,7,0,FALSO
2,1,0,0,0,0,0,0,328,2,8,0,FALSO
11,4,1,0,0,0,1,1,515,0,0,0,FALSO
4,1,2,0,0,0,2,0,157,3,12,0,VERO
11,3,1,1,0,2,3,2,504,0,0,0,FALSO
6,1,0,0,0,0,2,2,482,2,3,0,FALSO
5,2,0,0,0,0,8,0,482,2,3,1,FALSO
3,1,0,0,0,1,3,0,398,0,0,0,FALSO
8,2,0,0,0,2,0,1,504,0,0,0,FALSO
3,1,0,0,0,0,2,0,398,0,0,0,FALSO
12,3,1,0,0,0,2,2,482,2,3,1,FALSO
17,3,3,0,0,0,0,3,42,1,1,0,FALSO
14,2,2,2,0,1,0,3,482,0,0,2,FALSO
3,1,0,0,0,1,2,0,42,1,1,0,FALSO
22,2,3,1,0,2,1,0,370,0,0,1,FALSO
7,3,2,0,0,1,1,1,482,2,3,1,FALSO
23,4,4,0,1,0,1,0,408,3,7,0,FALSO
7,3,0,0,0,0,1,1,515,0,0,0,FALSO
7,3,0,0,0,2,0,1,515,0,0,0,FALSO
5,1,3,0,0,0,0,0,484,3,13,0,VERO
8,2,1,0,0,0,0,2,550,0,0,2,FALSO
3,1,0,0,0,1,1,1,550,0,0,0,FALSO
7,3,1,0,0,2,0,0,42,1,1,1,FALSO
16,2,1,0,0,1,1,3,504,0,0,0,FALSO
49,9,11,3,2,3,2,4,504,0,0,1,FALSO
4,1,0,0,0,0,0,1,482,2,3,0,FALSO
73,15,14,3,0,3,1,2,515,0,0,3,FALSO
3,1,0,0,0,1,6,0,504,0,0,0,FALSO
7,2,0,5,0,1,0,0,482,2,3,0,FALSO
83,2,3,1,0,0,1,3,550,0,0,4,FALSO
4,1,1,0,0,1,2,0,550,0,0,0,FALSO
16,3,5,0,0,2,0,0,515,0,0,3,FALSO
3,1,0,0,0,0,2,2,484,3,13,0,FALSO
10,2,1,0,0,0,0,1,482,2,3,1,FALSO
17,4,1,0,1,1,1,7,550,0,0,0,FALSO
4,1,1,0,0,1,3,0,515,0,0,0,FALSO
37,10,8,2,0,1,1,0,408,3,7,0,FALSO
13,2,5,0,0,0,1,6,482,2,3,4,FALSO
4,1,1,0,0,1,1,0,504,0,0,1,FALSO
6,3,0,0,0,2,0,1,398,0,0,0,FALSO
102,10,29,1,2,0,0,15,550,0,0,0,FALSO
9,2,1,0,0,2,0,0,42,1,1,0,FALSO
4,1,2,0,0,0,1,0,157,3,12,0,VERO
9,1,5,0,0,0,0,5,482,2,3,0,FALSO
3,1,0,0,0,0,6,1,398,0,0,0,FALSO
18,3,9,1,1,0,2,0,216,1,1,0,VERO
3,1,0,0,0,1,2,0,550,0,0,0,FALSO
4,1,2,0,0,0,1,0,482,2,3,0,FALSO
7,3,1,0,0,2,5,0,482,2,3,0,FALSO
3,1,0,1,0,1,0,1,482,2,3,0,FALSO
3,1,0,0,0,0,2,0,441,1,4,0,VERO
34,10,11,6,0,1,0,0,482,0,0,1,FALSO
3,1,0,2,0,1,0,0,408,3,7,0,FALSO
1,1,0,0,0,0,0,0,482,0,0,0,FALSO
6,2,0,0,0,0,1,0,408,3,7,0,FALSO
22,9,0,0,0,9,1,0,482,2,3,0,FALSO
12,4,0,0,1,0,0,0,328,2,8,0,FALSO
4,1,1,0,0,0,0,0,42,1,1,0,FALSO
3,1,0,0,0,1,0,0,147,1,7,0,FALSO
111,3,46,0,0,0,0,4,482,2,3,5,FALSO
27,11,1,5,1,0,1,13,482,2,3,2,FALSO
82,18,9,2,3,5,1,10,147,1,7,2,FALSO
19,3,8,0,0,0,0,6,482,2,3,1,FALSO
57,3,6,3,1,0,1,2,504,0,0,4,FALSO
3,1,0,0,0,0,2,1,515,0,0,0,FALSO
5,1,1,0,0,1,1,3,157,3,12,0,FALSO
75,11,13,1,2,3,0,0,328,2,8,4,FALSO
20,2,7,0,0,1,0,5,550,0,0,2,FALSO
3,2,0,0,0,1,0,0,504,0,0,0,FALSO
5,2,1,0,0,0,0,1,515,0,0,0,FALSO
4,1,0,0,0,0,3,2,482,2,3,0,FALSO
9,2,1,0,0,2,0,0,42,1,1,1,FALSO
18,2,5,0,1,1,1,1,147,1,7,1,FALSO
3,1,0,0,0,1,5,0,504,0,0,0,FALSO
8,2,0,0,0,0,0,5,370,0,0,0,FALSO
5,2,0,0,0,0,0,1,482,0,0,0,FALSO
25,5,3,0,1,2,1,4,398,0,0,3,FALSO
5,1,1,0,0,0,1,0,328,2,8,0,FALSO
17,4,1,0,1,1,0,0,408,3,7,1,FALSO
7,2,2,1,0,0,1,1,482,2,3,0,FALSO
4,1,0,0,0,0,1,1,482,2,3,0,FALSO
63,1,2,0,0,0,1,2,482,2,3,7,FALSO
28,5,9,2,1,1,1,6,504,0,0,1,FALSO
15,3,1,1,1,2,3,2,504,0,0,1,FALSO
6,2,1,0,0,0,0,1,408,3,7,0,FALSO
26,4,7,1,1,0,1,2,398,0,0,3,FALSO
8,2,1,0,0,1,0,0,482,0,0,0,FALSO
10,3,0,0,1,0,1,0,484,3,13,1,FALSO
3,1,0,0,0,1,2,1,504,0,0,0,FALSO
49,1,4,0,0,0,1,1,370,0,0,1,VERO
32,10,8,0,0,1,0,2,482,2,3,1,FALSO
5,1,2,0,0,0,2,0,398,0,0,0,FALSO
14,1,12,4,0,0,0,1,412,3,12,0,VERO
13,4,3,2,0,0,3,0,466,1,1,0,FALSO
9,3,1,1,0,2,2,0,504,0,0,0,FALSO
11,4,3,0,0,0,0,16,482,2,3,2,FALSO
10,1,1,0,0,0,1,0,482,2,3,0,FALSO
7,1,5,0,0,0,1,0,4,1,3,0,VERO
27,2,0,0,0,0,3,1,515,0,0,2,FALSO
8,2,2,0,0,1,0,1,515,0,0,2,FALSO
85,21,29,10,1,0,0,1,408,3,7,2,VERO
3,1,0,2,0,1,0,0,482,2,3,0,FALSO
6,2,0,0,0,0,0,1,408,3,7,1,FALSO
5,1,2,2,0,0,0,1,398,0,0,0,FALSO
3,1,0,1,0,0,0,8,504,0,0,0,FALSO
9,2,0,0,0,2,0,1,482,2,3,0,FALSO
8,2,0,0,0,0,0,21,4,1,3,0,FALSO
3,1,0,0,0,0,1,1,515,0,0,0,FALSO
5,1,3,0,0,0,1,0,504,0,0,0,FALSO
9,2,0,0,1,2,1,2,504,0,0,1,FALSO
16,3,3,0,2,3,1,0,504,0,0,0,FALSO
9,1,0,0,1,0,0,0,482,2,3,0,FALSO
3,1,0,0,0,1,0,0,42,1,1,0,FALSO
10,3,2,0,0,0,3,2,482,2,3,1,FALSO
24,10,0,0,0,10,0,11,412,1,1,1,FALSO
8,1,6,0,0,0,0,0,370,0,0,0,VERO
10,3,4,0,0,0,0,2,482,2,3,2,FALSO
13,4,0,0,0,2,3,1,515,0,0,0,FALSO
5,1,1,0,0,1,2,1,550,0,0,0,FALSO
25,6,6,2,0,0,0,4,484,3,13,4,FALSO
46,10,1,0,2,1,3,3,550,0,0,1,FALSO
3,1,1,0,0,0,2,0,482,2,3,0,FALSO
13,5,2,1,0,0,1,0,550,0,0,0,FALSO
7,2,1,0,0,0,3,3,482,2,3,0,FALSO
7,1,4,0,0,0,0,5,504,0,0,0,FALSO
32,4,7,0,1,0,0,2,550,0,0,5,FALSO
5,1,2,0,0,0,0,0,550,0,0,0,FALSO
8,2,4,0,0,1,9,1,482,2,3,0,FALSO
26,2,4,0,0,1,1,2,515,0,0,2,FALSO
4,1,0,0,0,0,0,0,4,1,3,0,FALSO
3,1,0,0,0,1,10,0,398,0,0,0,FALSO
3,1,0,0,0,1,1,0,504,0,0,0,FALSO
8,2,0,0,0,2,0,0,42,1,1,0,FALSO
4,1,0,0,0,1,0,0,672,0,0,0,FALSO
3,1,0,0,0,1,0,0,672,0,0,0,FALSO
3,1,0,0,0,1,3,0,672,0,0,0,FALSO
3,1,0,0,0,1,0,0,570,2,2,0,FALSO
13,3,1,1,1,3,5,0,694,2,3,0,FALSO
1,1,0,0,0,0,0,0,672,1,2,0,FALSO
3,1,0,0,0,1,0,1,588,2,5,0,FALSO
36,13,5,1,1,3,0,2,570,2,2,5,FALSO
5,1,0,0,0,1,0,0,672,0,0,0,FALSO
3,1,0,0,0,0,0,0,328,2,8,0,VERO
3,1,0,0,0,0,0,0,264,1,1,0,VERO
3,1,0,0,0,0,1,0,154,1,3,0,VERO
3,1,0,0,0,1,2,0,672,0,0,0,FALSO
3,1,0,0,0,1,1,0,672,1,2,0,FALSO
3,1,0,0,0,1,4,0,92,2,2,0,FALSO
4,1,2,0,0,0,1,0,564,1,1,0,FALSO
8,1,1,0,0,1,2,8,658,0,0,2,FALSO
14,2,6,2,0,2,0,1,264,1,1,2,FALSO
3,1,0,0,0,0,0,0,694,2,3,0,FALSO
3,1,0,0,0,1,1,0,672,0,0,0,FALSO
3,1,0,0,0,0,0,13,37,1,1,0,FALSO
19,3,8,1,0,0,0,2,672,1,1,4,VERO
3,1,0,1,0,1,0,0,672,0,0,0,FALSO
3,1,0,0,0,1,4,0,672,0,0,0,FALSO
16,2,8,2,1,0,1,0,37,1,1,1,VERO
9,1,3,0,0,1,0,1,668,2,3,0,FALSO
8,2,4,0,0,1,14,1,672,0,0,0,FALSO
24,7,2,0,1,2,0,2,570,2,2,4,FALSO
7,1,4,3,0,1,1,0,570,2,2,0,FALSO
3,1,0,0,0,1,0,0,264,1,1,0,FALSO
16,3,2,0,0,2,3,1,658,0,0,1,FALSO
13,2,6,1,0,0,1,5,694,2,3,0,FALSO
3,1,0,0,0,0,0,0,672,0,0,0,FALSO
1,1,0,0,0,0,1,0,588,2,5,0,FALSO
3,1,0,1,0,0,1,0,484,3,13,0,VERO
3,1,0,0,0,1,9,0,672,0,0,0,FALSO
20,4,4,0,0,1,0,2,92,2,2,0,FALSO
7,1,1,0,0,2,2,0,412,3,3,4,FALSO
3,1,0,1,0,1,1,0,672,0,0,0,FALSO
3,1,0,0,0,1,1,1,672,0,0,0,FALSO
3,1,0,0,0,1,0,0,412,1,4,0,VERO
19,4,2,0,0,2,0,1,484,3,13,2,FALSO
22,6,1,0,1,0,1,3,570,2,2,3,FALSO
3,1,0,0,0,0,1,0,412,1,4,0,VERO
14,3,4,1,0,0,0,1,92,2,2,0,FALSO
3,1,0,0,0,0,5,1,658,0,0,0,FALSO
22,4,1,0,1,1,3,1,588,2,5,1,FALSO
7,1,5,0,0,0,0,0,152,1,3,0,FALSO
16,5,0,2,1,1,1,2,570,2,2,1,FALSO
11,3,1,0,1,0,2,1,588,2,5,0,FALSO
5,1,1,0,1,1,0,2,398,2,3,1,VERO
18,5,0,2,1,1,0,40,264,1,1,1,FALSO
65,10,6,0,2,2,1,11,412,3,7,3,FALSO
6,1,3,1,0,0,0,2,412,1,4,0,VERO
25,7,5,0,0,2,5,1,588,2,5,2,FALSO
3,1,0,0,0,0,0,0,484,3,13,2,FALSO
11,2,3,0,1,0,2,2,658,0,0,1,FALSO
11,2,1,0,0,2,4,1,672,1,2,0,FALSO
20,4,2,0,0,0,1,0,570,2,2,2,FALSO
7,2,0,0,0,2,2,0,672,0,0,0,FALSO
42,7,5,2,3,4,1,7,4,1,3,3,FALSO
43,1,1,0,0,1,0,1,484,3,13,3,FALSO
15,3,3,0,1,3,0,0,658,0,0,1,FALSO
24,5,3,0,1,0,0,2,570,2,2,3,FALSO
3,1,0,0,0,1,2,0,484,3,13,0,FALSO
21,5,0,1,1,0,0,2,570,2,2,1,FALSO
3,1,0,0,0,1,0,0,398,2,3,0,VERO
3,1,0,0,0,1,0,1,694,2,3,0,FALSO
3,1,0,0,0,0,1,1,668,2,3,0,FALSO
4,1,1,0,0,1,4,0,658,0,0,0,FALSO
41,9,6,0,1,2,3,2,412,3,7,2,FALSO
78,37,0,0,0,37,4,0,412,1,4,0,VERO
5,1,0,0,0,0,1,0,694,2,3,0,FALSO
4,1,2,0,0,0,0,0,564,1,1,0,FALSO
30,6,4,0,1,1,0,4,570,2,2,1,FALSO
3,1,0,0,0,1,0,0,588,2,5,0,FALSO
13,2,4,0,2,1,0,3,658,0,0,0,FALSO
22,3,1,0,1,0,0,2,157,3,12,2,VERO
17,3,0,0,0,1,0,8,484,3,13,1,FALSO
8,2,0,0,1,2,2,0,412,1,4,0,VERO
8,2,3,0,0,1,0,0,412,3,12,2,VERO
24,7,7,3,0,1,1,4,588,2,5,2,FALSO
46,6,27,5,0,0,3,6,588,2,5,0,FALSO
7,1,0,0,0,0,1,0,694,2,3,0,FALSO
4,1,1,0,0,1,3,0,658,0,0,0,FALSO
3,1,0,0,0,0,1,0,694,2,3,0,FALSO
20,1,12,7,0,0,3,3,570,2,2,0,FALSO
4,1,2,0,0,0,0,0,694,2,3,0,FALSO
9,2,1,0,1,1,0,0,570,2,2,3,FALSO
51,1,1,0,0,1,0,1,570,2,2,5,FALSO
15,1,1,0,0,0,1,0,37,1,1,1,VERO
71,7,8,5,1,1,1,4,4,1,3,3,FALSO
20,6,3,2,0,1,2,1,92,2,2,0,FALSO
4,1,1,0,0,0,1,0,672,1,2,0,FALSO
13,1,10,0,0,1,2,0,588,2,5,0,FALSO
3,1,1,0,0,0,0,0,672,1,2,0,FALSO
3,1,0,0,0,1,2,0,570,2,2,0,FALSO
6,1,3,3,0,1,1,0,408,3,7,1,VERO
78,21,27,10,1,0,0,2,668,2,3,2,FALSO
4,1,1,0,0,1,2,0,398,2,3,0,VERO
3,1,0,1,0,1,0,0,264,1,1,0,FALSO
3,1,1,0,0,0,2,0,37,1,1,0,VERO
11,2,5,0,0,0,0,0,672,1,2,0,FALSO
3,1,0,0,0,0,2,1,588,2,5,0,FALSO
5,1,0,1,0,0,1,0,694,2,3,0,FALSO
3,1,0,0,0,1,1,0,588,2,5,0,FALSO
3,1,0,0,0,1,2,1,658,0,0,0,FALSO
21,3,5,1,0,1,0,1,152,1,3,2,FALSO
33,4,13,0,0,0,0,3,694,2,3,4,FALSO
3,1,0,0,0,1,1,0,672,0,0,1,FALSO
7,2,1,0,0,2,0,0,672,0,0,0,FALSO
18,3,4,5,0,0,1,1,588,2,5,1,FALSO
2,1,0,0,0,0,1,0,694,2,3,0,FALSO
16,1,13,0,0,0,1,1,412,3,3,0,FALSO
9,1,1,0,0,0,0,2,694,2,3,2,FALSO
24,5,6,3,2,0,2,1,588,2,5,0,FALSO
3,1,1,0,0,0,1,0,588,2,5,0,FALSO
26,1,1,0,0,1,0,0,672,1,1,4,VERO
5,2,0,0,0,0,2,0,154,1,3,0,VERO
5,1,1,0,0,0,0,2,152,1,3,3,FALSO
5,1,0,0,0,0,2,4,588,2,5,0,FALSO
12,4,0,0,0,1,1,0,564,1,1,0,FALSO
69,7,8,5,1,2,1,4,4,1,3,4,FALSO
78,21,27,10,1,0,0,11,668,2,3,2,FALSO
3,2,0,0,0,1,0,1,672,0,0,0,FALSO
26,5,5,0,1,1,0,3,570,2,2,3,FALSO
4,1,0,0,0,1,1,0,672,0,0,0,FALSO
3,1,0,0,0,1,7,2,658,0,0,0,FALSO
78,7,8,5,1,1,1,4,4,1,3,3,FALSO
16,1,13,0,0,0,1,4,412,3,3,0,FALSO
9,2,3,0,0,0,0,1,668,2,3,0,FALSO
3,1,0,0,0,1,15,0,672,0,0,0,FALSO
9,1,0,0,0,0,1,0,694,2,3,0,FALSO
4,1,0,0,0,1,0,1,264,1,1,0,FALSO
3,1,0,0,0,1,2,0,668,2,3,8,FALSO
3,1,0,0,0,1,1,0,570,2,2,0,FALSO
7,1,0,0,0,0,2,0,412,3,3,0,FALSO
3,1,0,0,0,1,0,0,668,2,3,0,FALSO
3,1,0,0,0,1,0,1,484,3,13,1,VERO
3,1,0,0,0,1,0,0,408,3,7,0,VERO
109,10,8,2,2,0,1,4,4,1,3,7,FALSO
2,1,0,0,0,0,0,0,92,2,2,0,FALSO
3,1,0,0,0,0,1,0,672,1,1,0,VERO
3,1,0,0,0,1,0,1,412,1,4,0,VERO
16,11,3,3,0,0,2,3,658,0,0,3,FALSO
26,5,5,1,1,0,1,1,4,1,3,2,FALSO
56,2,1,0,0,2,1,2,4,1,3,4,FALSO
7,1,5,0,0,0,1,0,564,1,1,0,FALSO
40,18,6,3,0,0,3,7,668,2,3,3,FALSO
5,1,1,0,0,0,0,1,4,1,3,0,FALSO
3,1,0,0,0,1,0,2,658,0,0,0,FALSO
3,1,0,0,0,1,0,1,672,0,0,0,FALSO
3,1,0,0,0,1,0,0,672,1,2,0,FALSO
3,1,0,0,0,1,0,0,441,2,5,0,VERO
34,10,7,0,0,1,1,0,106,2,5,4,VERO
12,1,8,0,0,1,2,0,588,2,5,1,FALSO
11,4,1,1,0,1,0,1,672,1,1,0,FALSO
3,1,0,0,0,0,0,1,672,1,2,0,FALSO
63,13,11,2,1,1,3,10,588,2,5,14,FALSO
3,1,0,0,0,1,0,0,484,3,13,0,FALSO
11,3,4,0,0,2,6,1,672,0,0,0,FALSO
32,7,5,1,0,2,2,2,672,1,2,2,FALSO
3,1,0,0,0,1,5,0,672,0,0,0,FALSO
14,2,8,0,0,0,1,2,328,2,8,0,FALSO
3,1,1,0,0,0,1,0,412,1,4,0,VERO
15,4,2,1,1,1,1,2,106,2,5,4,VERO
7,1,5,0,0,0,1,0,658,0,0,0,FALSO
12,2,0,0,0,0,3,0,672,1,1,8,FALSO
13,3,4,0,0,1,2,2,564,1,1,2,FALSO
13,3,1,1,1,3,4,0,694,2,3,0,FALSO
3,1,1,0,0,0,2,0,328,2,8,0,VERO
3,1,0,0,0,1,0,0,106,2,5,0,VERO
5,2,0,0,0,0,1,0,668,2,3,1,FALSO
5,1,2,0,0,0,0,2,484,3,13,0,FALSO
6,2,0,0,0,0,0,1,564,1,1,0,FALSO
20,6,0,0,1,0,0,3,570,2,2,3,FALSO
3,1,0,0,0,1,0,0,694,2,3,0,FALSO
5,1,1,1,0,0,10,3,694,2,3,0,FALSO
3,1,0,0,0,0,3,0,668,2,3,0,FALSO
9,2,3,0,0,1,0,1,694,2,3,0,FALSO
4,1,1,0,0,1,0,0,37,1,1,0,VERO
3,1,0,0,0,0,2,0,484,3,13,0,FALSO
4,3,0,0,0,1,0,1,484,3,13,0,FALSO
20,4,0,0,1,4,1,2,4,1,3,0,FALSO
3,1,0,0,0,1,1,2,588,2,5,0,FALSO
3,1,0,0,0,0,9,0,672,0,0,0,FALSO
27,7,9,0,0,0,1,4,672,1,2,6,FALSO
3,1,0,1,0,1,2,0,412,3,3,0,FALSO
7,5,1,0,0,2,5,1,672,0,0,0,FALSO
11,3,3,0,0,2,1,1,588,2,5,0,FALSO
9,3,0,0,0,3,1,1,588,2,5,0,FALSO
4,1,1,0,0,1,0,0,213,2,3,0,FALSO
14,3,0,0,1,1,2,2,668,2,3,0,FALSO
3,2,0,1,0,1,1,0,672,1,2,0,FALSO
9,2,1,0,0,1,2,0,570,2,2,1,FALSO
3,1,0,0,0,1,1,1,4,1,3,0,VERO
14,1,0,0,0,1,0,1,672,1,2,0,FALSO
10,1,0,0,0,0,1,0,694,2,3,0,FALSO
23,5,2,1,1,0,0,2,570,2,2,1,FALSO
6,2,0,1,0,0,0,0,694,2,3,0,FALSO
5,2,0,0,0,0,0,3,570,2,2,0,FALSO
3,1,0,0,0,0,0,0,412,1,4,0,VERO
12,3,1,0,0,0,2,1,672,1,2,1,FALSO
3,1,0,0,0,1,0,1,412,3,12,1,VERO
20,5,1,0,1,1,2,3,564,1,1,0,FALSO
10,2,2,0,1,0,1,2,658,0,0,0,FALSO
9,2,3,1,0,0,0,0,694,2,3,1,FALSO
1,1,0,0,0,0,1,0,420,2,4,0,VERO
3,1,0,1,0,1,4,0,658,0,0,0,FALSO
15,4,0,0,1,1,0,3,570,2,2,1,FALSO
4,1,2,0,0,0,3,0,484,3,13,0,VERO
23,5,2,1,0,1,0,4,672,1,2,1,FALSO
4,1,1,0,0,1,0,0,672,1,2,0,FALSO
51,13,5,1,5,0,1,2,570,2,2,9,FALSO
3,1,0,0,0,0,0,0,672,1,2,1,FALSO
3,1,0,0,0,1,8,0,672,0,0,0,FALSO
39,14,5,3,0,3,0,2,672,1,1,2,FALSO
6,1,2,0,0,1,1,0,484,3,13,1,FALSO
6,1,0,0,0,0,2,5,588,2,5,2,FALSO
7,2,1,0,0,0,1,2,570,2,2,0,FALSO
3,1,0,0,0,1,2,0,694,2,3,0,FALSO
4,1,1,0,0,1,5,0,658,0,0,0,FALSO
9,2,0,0,0,0,0,1,588,2,5,0,FALSO
55,14,10,8,0,0,2,3,412,3,3,3,FALSO
10,2,3,0,0,1,0,2,570,2,2,0,FALSO
6,1,0,0,0,1,2,1,668,2,3,0,FALSO
8,4,0,2,0,2,2,0,412,1,4,0,VERO
3,1,0,0,0,0,0,0,570,2,2,0,FALSO
12,3,1,2,0,0,2,1,694,2,3,0,FALSO
3,1,0,0,0,1,1,1,570,2,2,0,FALSO
19,4,0,0,1,0,0,2,570,2,2,3,FALSO
46,1,0,0,0,0,0,48,694,2,3,0,FALSO
6,2,0,0,0,2,0,1,92,2,2,0,FALSO
3,1,0,0,0,0,2,0,412,1,4,0,VERO
3,1,0,0,0,1,0,0,672,1,1,0,FALSO
6,2,0,0,0,0,0,0,658,0,0,0,FALSO
47,12,2,1,0,4,0,3,412,3,7,3,FALSO
6,2,0,0,0,2,1,0,672,0,0,0,FALSO
5,2,0,0,0,0,1,0,92,2,2,0,FALSO
7,1,4,0,0,0,0,0,484,3,13,0,VERO
5,2,0,0,0,0,3,0,668,2,3,1,FALSO
18,1,10,2,0,0,0,2,264,1,1,0,VERO
85,12,5,0,4,5,1,9,4,1,3,1,FALSO
3,1,0,0,0,0,0,0,4,1,3,0,VERO
14,2,10,0,0,0,0,2,152,1,3,0,FALSO
5,3,2,0,0,1,1,2,412,1,4,0,VERO
5,2,0,0,0,0,2,0,668,2,3,1,FALSO
51,9,5,0,3,3,1,5,25,0,0,1,FALSO
6,1,2,1,0,0,0,1,412,3,3,1,FALSO
9,4,0,1,0,2,0,5,672,1,2,0,FALSO
5,1,3,0,0,0,1,0,564,1,1,0,FALSO
20,11,2,0,0,0,2,0,672,1,2,1,FALSO
6,1,0,3,0,0,1,0,694,2,3,0,FALSO
3,1,0,1,0,1,2,1,672,0,0,0,FALSO
8,2,2,0,0,1,1,1,92,2,2,0,FALSO
6,2,0,0,0,2,0,0,264,1,1,0,FALSO
10,2,2,1,0,1,3,1,412,3,3,1,FALSO
18,7,3,2,0,0,1,2,412,3,3,0,FALSO
6,1,0,0,0,0,1,0,694,2,3,0,FALSO
3,1,0,1,0,1,3,0,264,1,1,0,FALSO
6,1,0,1,0,0,1,0,694,2,3,0,FALSO
4,1,0,0,0,1,0,1,441,2,5,0,VERO
5,1,2,0,1,0,2,1,658,0,0,0,FALSO
6,2,0,1,0,0,0,0,570,2,2,0,FALSO
3,1,0,1,0,1,0,2,92,2,2,0,FALSO
12,4,1,0,1,1,0,0,484,3,13,2,FALSO
3,1,0,0,0,1,2,0,668,2,3,0,FALSO
23,5,0,1,1,3,0,2,570,2,2,2,FALSO
3,1,0,0,0,1,1,1,588,2,5,0,FALSO
15,4,1,1,1,2,6,5,408,3,7,0,VERO
1,1,0,0,0,0,0,0,694,2,3,0,FALSO
3,1,0,0,0,0,0,0,441,2,5,0,VERO
55,14,12,7,0,1,0,4,564,1,1,1,FALSO
3,1,0,0,0,0,1,0,484,3,13,1,FALSO
99,22,27,3,3,1,1,1,25,0,0,12,FALSO
8,2,1,0,0,1,3,0,658,0,0,0,FALSO
10,2,4,0,0,0,0,0,154,1,3,0,VERO
3,1,1,0,0,0,0,1,694,2,3,0,FALSO
3,1,0,0,0,0,2,0,588,2,5,0,FALSO
17,1,2,0,0,0,0,0,106,2,5,0,VERO
7,2,2,2,0,0,2,1,672,1,1,1,FALSO
3,1,0,0,0,0,1,1,484,3,13,0,FALSO
2,1,0,0,0,0,1,0,658,0,0,0,FALSO
4,2,0,0,0,1,0,1,570,2,2,0,FALSO
3,1,0,0,0,1,6,0,570,2,2,0,FALSO
10,4,3,0,0,1,1,1,412,1,4,0,VERO
5,1,2,0,0,0,1,0,672,1,2,0,FALSO
87,13,13,1,4,0,1,9,4,1,3,7,FALSO
29,5,1,3,1,1,1,2,570,2,2,1,FALSO
5,1,2,0,0,1,2,0,658,0,0,1,FALSO
31,7,5,1,1,1,1,7,668,2,3,1,FALSO
3,1,0,0,0,0,1,0,588,2,5,0,FALSO
3,1,0,0,0,0,1,0,672,1,2,0,FALSO
1,1,0,0,0,0,1,0,328,2,8,0,VERO
39,10,6,1,2,0,0,5,570,2,2,9,FALSO
4,1,0,0,0,1,2,0,672,0,0,0,FALSO
6,1,2,0,0,1,0,0,484,3,13,1,FALSO
3,1,0,0,0,0,0,0,668,2,3,0,FALSO
25,4,1,0,1,1,0,2,570,2,2,1,FALSO
8,2,0,0,0,2,1,2,658,0,0,1,FALSO
4,1,0,0,0,0,1,2,412,3,3,0,FALSO
23,1,0,0,0,0,4,1,264,1,1,1,FALSO
3,1,0,1,0,1,0,0,672,0,0,1,FALSO
5,1,1,0,0,1,0,0,694,2,3,0,FALSO
19,4,1,0,0,2,1,0,4,1,3,1,FALSO
1,1,0,0,0,0,3,0,588,2,5,0,FALSO
3,1,0,0,0,1,0,3,4,1,3,0,FALSO
29,1,0,0,0,1,0,1,484,3,13,1,VERO
6,1,2,1,0,1,0,0,328,3,6,0,VERO
9,3,0,0,0,0,0,2,264,1,1,0,FALSO
8,2,0,1,0,1,0,4,37,1,1,0,FALSO
3,2,0,0,0,1,1,2,570,2,2,0,FALSO
23,4,5,1,1,0,2,6,4,1,3,2,FALSO
12,2,0,0,1,2,3,1,668,2,3,0,FALSO
4,1,1,0,0,0,3,1,658,0,0,0,FALSO
2,1,0,0,0,0,1,0,328,2,8,0,VERO
3,1,0,0,0,0,0,1,564,1,1,0,FALSO
3,1,0,0,0,1,4,1,658,0,0,0,FALSO
3,1,0,0,0,1,3,0,588,2,5,0,FALSO
6,1,2,0,1,1,4,2,658,0,0,1,FALSO
7,3,2,0,0,1,1,1,672,0,0,1,FALSO
15,2,3,1,0,0,1,9,668,2,3,0,FALSO
42,8,8,0,3,0,0,4,412,3,3,2,FALSO
3,1,0,0,0,1,1,1,219,1,1,0,FALSO
15,3,1,0,1,1,0,2,570,2,2,1,FALSO
49,9,11,3,2,3,1,4,219,1,1,1,FALSO
4,1,0,0,0,0,0,1,672,0,0,0,FALSO
4,1,0,0,0,0,1,0,694,2,3,0,FALSO
7,2,0,5,0,1,0,0,672,0,0,0,FALSO
8,1,1,0,0,0,1,0,694,2,3,0,FALSO
25,6,7,1,0,1,2,0,484,3,13,5,FALSO
11,2,1,0,0,0,0,0,412,3,7,1,FALSO
39,11,11,2,0,0,1,8,668,2,3,2,FALSO
24,4,2,1,1,4,1,2,672,1,2,3,FALSO
9,3,0,0,0,0,0,2,412,3,3,0,FALSO
6,3,0,0,0,2,0,1,588,2,5,0,FALSO
5,2,0,0,0,0,2,1,412,3,3,0,FALSO
7,2,1,0,0,2,2,0,694,2,3,0,FALSO
3,1,1,4,0,0,1,0,152,1,3,0,FALSO
4,1,2,0,0,0,1,0,570,2,2,0,FALSO
3,1,0,0,0,0,6,1,588,2,5,0,FALSO
2,1,0,0,0,0,10,0,412,3,7,0,FALSO
3,1,0,0,0,1,0,0,328,3,6,0,VERO
3,1,0,0,0,1,3,1,570,2,2,0,FALSO
32,7,6,1,1,1,3,7,658,0,0,7,FALSO
34,7,8,0,2,2,1,3,570,2,2,4,FALSO
50,10,17,1,0,1,1,3,564,1,1,2,FALSO
8,2,1,0,0,1,0,1,412,3,7,1,FALSO
7,3,1,0,0,2,5,0,672,0,0,0,FALSO
9,2,1,0,0,2,0,0,398,2,3,0,VERO
3,1,0,1,0,1,0,1,672,0,0,0,FALSO
3,1,0,0,0,0,0,0,564,1,1,0,FALSO
3,1,0,2,0,1,2,0,668,2,3,0,FALSO
20,3,10,0,1,2,0,0,694,2,3,6,FALSO
6,2,0,0,0,0,2,3,668,2,3,0,FALSO
9,3,3,0,0,0,1,3,412,1,4,0,VERO
6,2,1,0,0,0,2,0,672,1,2,0,FALSO
25,5,5,3,0,1,1,1,668,2,3,0,FALSO
48,1,1,0,0,1,4,1,264,1,1,7,FALSO
27,11,1,5,1,0,1,13,672,0,0,2,FALSO
4,1,1,0,0,0,1,0,412,3,3,0,FALSO
1,1,0,0,0,0,1,0,672,1,2,0,FALSO
37,8,4,1,2,7,0,1,484,3,13,0,FALSO
3,1,0,0,0,0,1,3,570,2,2,0,FALSO
22,3,3,1,1,3,3,3,672,1,2,2,FALSO
3,2,0,0,0,1,0,0,219,1,1,0,FALSO
31,7,8,2,2,2,1,0,412,3,3,5,FALSO
14,4,0,0,0,2,0,0,37,1,1,2,FALSO
3,1,0,0,0,1,4,0,672,1,2,0,FALSO
8,2,0,1,0,1,0,1,152,1,3,0,FALSO
25,5,3,0,1,2,1,4,588,2,5,3,FALSO
8,2,1,0,0,0,2,1,668,2,3,0,FALSO
6,3,3,0,0,1,0,1,264,1,1,0,FALSO
59,1,3,0,0,0,1,0,412,3,7,8,FALSO
6,2,1,0,0,0,2,1,668,2,3,0,FALSO
26,4,7,1,1,0,1,2,588,2,5,3,FALSO
5,2,1,0,0,0,1,1,694,2,3,0,FALSO
9,3,2,0,0,1,1,0,672,1,2,0,FALSO
13,4,0,0,1,0,1,0,484,3,13,1,FALSO
53,1,5,0,0,0,1,1,152,1,3,0,FALSO
11,1,1,2,0,0,1,0,694,2,3,0,FALSO
5,1,2,0,0,0,2,0,588,2,5,0,FALSO
14,1,12,6,0,0,0,1,672,1,2,0,FALSO
6,1,0,0,0,0,0,5,412,3,7,0,FALSO
61,12,11,4,3,6,3,4,570,2,2,9,FALSO
4,1,1,0,0,1,0,0,672,1,1,0,FALSO
3,1,1,0,0,0,0,0,37,1,1,0,VERO
86,21,30,10,1,0,0,6,408,3,7,2,VERO
6,2,0,0,0,0,6,1,668,2,3,1,FALSO
5,1,2,2,0,0,0,1,588,2,5,0,FALSO
12,2,2,0,1,2,0,3,694,2,3,0,FALSO
26,7,1,0,3,0,1,1,264,1,1,3,FALSO
6,3,0,1,0,0,0,0,219,1,1,0,FALSO
6,1,0,0,0,0,0,33,4,1,3,0,FALSO
5,1,3,0,0,0,2,0,672,1,2,0,FALSO
8,5,0,0,0,0,0,1,564,1,1,0,FALSO
8,2,0,0,1,1,3,2,658,0,0,0,FALSO
76,20,15,1,0,2,0,5,412,3,7,11,FALSO
9,2,1,1,1,0,0,4,157,3,12,1,VERO
55,11,5,1,1,2,0,0,570,2,2,1,FALSO
6,2,1,0,0,1,2,1,484,3,13,0,VERO
16,3,3,2,0,3,2,2,694,2,3,1,FALSO
19,5,8,0,0,0,0,1,412,3,7,7,FALSO
4,1,1,1,0,0,0,1,412,3,3,0,FALSO
8,1,6,0,0,0,0,0,672,1,1,0,VERO
80,21,18,10,0,0,1,2,412,3,3,1,FALSO
4,1,1,0,0,1,1,0,264,1,1,0,FALSO
5,1,1,0,0,1,1,0,658,0,0,0,FALSO
30,1,1,0,0,0,1,0,484,3,13,2,FALSO
8,1,0,0,0,0,1,0,694,2,3,0,FALSO
8,2,4,0,0,1,9,1,672,0,0,0,FALSO
3,1,0,0,0,0,4,1,658,0,0,0,FALSO
21,5,1,0,1,1,0,2,264,1,1,0,FALSO
7,3,3,1,0,0,1,1,264,1,1,2,FALSO
3,1,0,0,0,1,10,0,588,2,5,0,FALSO